time,.Header.seq,.Header.stamp.secs,.Header.stamp.nsecs,.Header.frame_id,.Latitude,.Longitude,.Altitude,.HDOP,.UTM_easting,.UTM_northing,.UTC,.Zone,.Letter,.fixed_quality
2023/02/20/17:51:06.177987,0,82266,0,GNSS,42.33826604,71.08661751833333,33.141,0.62,671894.0519313037,4689443.225362745,225106.0,42,T,4
2023/02/20/17:51:07.132145,0,82267,0,GNSS,42.338266035,71.086617505,33.143,0.62,671894.0508464952,4689443.22478058,225107.0,42,T,4
2023/02/20/17:51:08.163187,0,82268,0,GNSS,42.338266018333336,71.08661748666667,33.139,0.62,671894.049381558,4689443.222892812,225108.0,42,T,4
2023/02/20/17:51:09.155289,0,82269,0,GNSS,42.338265985,71.08661746166666,33.136,0.62,671894.0474128185,4689443.219140859,225109.0,42,T,4
2023/02/20/17:51:10.163359,0,82270,0,GNSS,42.33826598666667,71.08661745833334,33.138,0.62,671894.047133669,4689443.219319191,225110.0,42,T,4
2023/02/20/17:51:11.149094,0,82271,0,GNSS,42.33826603666667,71.08661751833333,33.138,0.62,671894.0519403866,4689443.224992605,225111.0,42,T,4
2023/02/20/17:51:12.134307,0,82272,0,GNSS,42.338266018333336,71.08661749666666,33.142,0.62,671894.0502053847,4689443.222913028,225112.0,42,T,4
2023/02/20/17:51:13.173021,0,82273,0,GNSS,42.338266015,71.08661750666667,33.138,0.62,671894.0510382964,4689443.222563101,225113.0,42,T,4
2023/02/20/17:51:14.165864,0,82274,0,GNSS,42.33826602333333,71.08661749666666,33.144,0.62,671894.0501917604,4689443.2234682385,225114.0,42,T,4
2023/02/20/17:51:15.299375,0,82275,0,GNSS,42.33826603666667,71.08661752,33.137,0.62,671894.0520776928,4689443.224995974,225115.0,42,T,4
2023/02/20/17:51:16.163559,0,82276,0,GNSS,42.33826603,71.08661750333333,33.138,0.62,671894.0507228111,4689443.224221999,225116.0,42,T,4
2023/02/20/17:51:17.296171,0,82277,0,GNSS,42.338266,71.08661751,33.142,0.62,671894.0513537775,4689443.220904204,225117.0,42,T,4
2023/02/20/17:51:18.154485,0,82278,0,GNSS,42.33826601,71.0866175,33.142,0.62,671894.0505027,4689443.221994412,225118.0,42,T,4
2023/02/20/17:51:19.396683,0,82279,0,GNSS,42.338266018333336,71.08661748333333,33.139,0.62,671894.0491069476,4689443.222886073,225119.0,42,T,4
2023/02/20/17:51:20.177291,0,82280,0,GNSS,42.33826603166667,71.08661751833333,33.138,0.62,671894.051954011,4689443.224437393,225120.0,42,T,4
2023/02/20/17:51:21.176845,0,82281,0,GNSS,42.33826602166667,71.086617485,33.141,0.62,671894.0492351709,4689443.223259583,225121.0,42,T,4
2023/02/20/17:51:22.177566,0,82282,0,GNSS,42.338266043333334,71.08661750333333,33.143,0.62,671894.0506864797,4689443.225702563,225122.0,42,T,4
2023/02/20/17:51:23.314806,0,82283,0,GNSS,42.33826603,71.08661747,33.142,0.62,671894.0479767206,4689443.224154613,225123.0,42,T,4
2023/02/20/17:51:24.160254,0,82284,0,GNSS,42.33826602333333,71.086617485,33.141,0.62,671894.0492306296,4689443.223444655,225124.0,42,T,4
2023/02/20/17:51:25.314856,0,82285,0,GNSS,42.338266015,71.08661745333333,33.145,0.62,671894.0466445502,4689443.222455285,225125.0,42,T,4
2023/02/20/17:51:26.393308,0,82286,0,GNSS,42.338266026666666,71.086617485,33.14,0.62,671894.0492215466,4689443.223814795,225126.0,42,T,4
2023/02/20/17:51:27.204174,0,82287,0,GNSS,42.338265996666664,71.08661749166667,33.14,0.62,671894.0498525109,4689443.220497,225127.0,42,T,4
2023/02/20/17:51:28.201814,0,82288,0,GNSS,42.33826599166667,71.08661744666666,33.146,0.62,671894.0461589117,4689443.219850818,225128.0,42,T,4
2023/02/20/17:51:29.195807,0,82289,0,GNSS,42.338266016666665,71.08661744333334,33.152,0.62,671894.0458161819,4689443.222620139,225129.0,42,T,4
2023/02/20/17:51:30.174813,0,82290,0,GNSS,42.33826602,71.08661748333333,33.143,0.62,671894.0491024063,4689443.223071143,225130.0,42,T,4
2023/02/20/17:51:31.218656,0,82291,0,GNSS,42.33826601166667,71.08661751666666,33.147,0.62,671894.0518712039,4689443.222213177,225131.0,42,T,4
2023/02/20/17:51:32.175383,0,82292,0,GNSS,42.338265998333334,71.08661750333333,33.152,0.62,671894.0508090984,4689443.220705655,225132.0,42,T,4
2023/02/20/17:51:33.208726,0,82293,0,GNSS,42.33826602333333,71.08661749833334,33.151,0.62,671894.0503290645,4689443.223471609,225133.0,42,T,4
2023/02/20/17:51:34.299283,0,82294,0,GNSS,42.33826599166667,71.086617525,33.149,0.62,671894.0526122259,4689443.220009175,225134.0,42,T,4
2023/02/20/17:51:35.145020,0,82295,0,GNSS,42.338265981666666,71.08661752,33.152,0.62,671894.05222756,4689443.218888643,225135.0,42,T,4
2023/02/20/17:51:36.168284,0,82296,0,GNSS,42.338266025,71.08661749,33.146,0.62,671894.0496380004,4689443.223639834,225136.0,42,T,4
2023/02/20/17:51:37.179816,0,82297,0,GNSS,42.338266025,71.086617535,33.146,0.62,671894.053345224,4689443.223730805,225137.0,42,T,4
2023/02/20/17:51:38.179862,0,82298,0,GNSS,42.33826601166667,71.086617515,33.15,0.62,671894.0517338999,4689443.222209807,225138.0,42,T,4
2023/02/20/17:51:39.190240,0,82299,0,GNSS,42.33826601,71.08661749666666,33.15,0.62,671894.0502280919,4689443.221987674,225139.0,42,T,4
2023/02/20/17:51:40.179699,0,82300,0,GNSS,42.33826601166667,71.086617515,33.147,0.62,671894.0517338999,4689443.222209807,225140.0,42,T,4
2023/02/20/17:51:41.246182,0,82301,0,GNSS,42.338265995,71.08661747333333,33.152,0.62,671894.0483467029,4689443.220274868,225141.0,42,T,4
2023/02/20/17:51:42.151862,0,82302,0,GNSS,42.33826599,71.08661748833333,33.148,0.62,671894.0495960664,4689443.21974998,225142.0,42,T,4
2023/02/20/17:51:43.190953,0,82303,0,GNSS,42.33826602166667,71.08661752833333,33.148,0.62,671894.0528050883,4689443.223347185,225143.0,42,T,4
2023/02/20/17:51:44.182343,0,82304,0,GNSS,42.33826603666667,71.08661750833333,33.153,0.62,671894.051116562,4689443.224972389,225144.0,42,T,4
2023/02/20/17:51:45.189838,0,82305,0,GNSS,42.338266043333334,71.08661747833334,33.153,0.62,671894.0486269138,4689443.225652023,225145.0,42,T,4
2023/02/20/17:51:46.193042,0,82306,0,GNSS,42.338266018333336,71.08661750333333,33.15,0.62,671894.0507546011,4689443.222926505,225146.0,42,T,4
2023/02/20/17:51:47.190870,0,82307,0,GNSS,42.33826603,71.086617455,33.149,0.62,671894.0467409815,4689443.224124289,225147.0,42,T,4
2023/02/20/17:51:48.171374,0,82308,0,GNSS,42.33826603,71.08661749833334,33.147,0.62,671894.0503108988,4689443.22421189,225148.0,42,T,4
2023/02/20/17:51:49.229789,0,82309,0,GNSS,42.338266026666666,71.08661753833333,33.149,0.62,671894.0536152909,4689443.223922611,225149.0,42,T,4
2023/02/20/17:51:50.199335,0,82310,0,GNSS,42.33826602833334,71.08661752166667,33.151,0.62,671894.052237704,4689443.224073989,225150.0,42,T,4
2023/02/20/17:51:51.175382,0,82311,0,GNSS,42.33826602833334,71.086617475,33.151,0.62,671894.0483931785,4689443.223979649,225151.0,42,T,4
2023/02/20/17:51:52.171765,0,82312,0,GNSS,42.33826602166667,71.08661749333334,33.144,0.62,671894.0499216936,4689443.22327643,225152.0,42,T,4
2023/02/20/17:51:53.222300,0,82313,0,GNSS,42.338266005,71.0866175,33.139,0.62,671894.0505163244,4689443.221439201,225153.0,42,T,4
2023/02/20/17:51:54.258967,0,82314,0,GNSS,42.338266,71.08661749,33.15,0.62,671894.0497061219,4689443.220863773,225154.0,42,T,4
2023/02/20/17:51:55.183940,0,82315,0,GNSS,42.33826602833334,71.08661750833333,33.144,0.62,671894.051139269,4689443.224047035,225155.0,42,T,4
2023/02/20/17:51:56.181275,0,82316,0,GNSS,42.338266018333336,71.08661751666666,33.146,0.62,671894.0518530383,4689443.222953459,225156.0,42,T,4
2023/02/20/17:51:57.183711,0,82317,0,GNSS,42.33826600166667,71.08661748666667,33.15,0.62,671894.0494269722,4689443.221042104,225157.0,42,T,4
2023/02/20/17:51:58.171731,0,82318,0,GNSS,42.338266008333335,71.08661748333333,33.147,0.62,671894.0491341962,4689443.221775649,225158.0,42,T,4
2023/02/20/17:51:59.385049,0,82319,0,GNSS,42.33826603,71.08661750666667,33.141,0.62,671894.0509974236,4689443.224228737,225159.0,42,T,4
2023/02/20/17:52:00.220304,0,82320,0,GNSS,42.33826603166667,71.086617515,33.143,0.62,671894.0516794027,4689443.224430655,225200.0,42,T,4
2023/02/20/17:52:01.143255,0,82321,0,GNSS,42.338266015,71.08661747166667,33.142,0.62,671894.0481548996,4689443.222492347,225201.0,42,T,4
2023/02/20/17:52:02.167380,0,82322,0,GNSS,42.33826602,71.08661748833333,33.144,0.62,671894.0495143207,4689443.223081251,225202.0,42,T,4
2023/02/20/17:52:03.187408,0,82323,0,GNSS,42.338266015,71.0866175,33.144,0.62,671894.0504890758,4689443.222549624,225203.0,42,T,4
2023/02/20/17:52:04.202003,0,82324,0,GNSS,42.33826604,71.08661750166667,33.145,0.62,671894.0505582584,4689443.225329052,225204.0,42,T,4
2023/02/20/17:52:05.406997,0,82325,0,GNSS,42.33826602833334,71.08661749333334,33.144,0.62,671894.0499035278,4689443.224016711,225205.0,42,T,4
2023/02/20/17:52:06.204298,0,82326,0,GNSS,42.33826603833333,71.08661749333334,33.144,0.62,671894.0498762793,4689443.225127135,225206.0,42,T,4
2023/02/20/17:52:07.174855,0,82327,0,GNSS,42.33826603166667,71.08661748166666,33.145,0.62,671894.0489333121,4689443.224363269,225207.0,42,T,4
2023/02/20/17:52:08.147437,0,82328,0,GNSS,42.33826602333333,71.08661743,33.145,0.62,671894.0446995792,4689443.223333467,225208.0,42,T,4
2023/02/20/17:52:09.171630,0,82329,0,GNSS,42.33826603,71.086617435,33.146,0.62,671894.0450933259,4689443.224083857,225209.0,42,T,4
2023/02/20/17:52:10.177046,0,82330,0,GNSS,42.33826602166667,71.08661747166667,33.146,0.62,671894.0481367339,4689443.22323263,225210.0,42,T,4
2023/02/20/17:52:11.200770,0,82331,0,GNSS,42.338265995,71.08661743833333,33.143,0.62,671894.0454633061,4689443.220204112,225211.0,42,T,4
2023/02/20/17:52:12.201797,0,82332,0,GNSS,42.338266015,71.08661745,33.144,0.62,671894.0463699399,4689443.2224485455,225212.0,42,T,4
2023/02/20/17:52:13.149370,0,82333,0,GNSS,42.33826602333333,71.08661749166667,33.144,0.62,671894.0497798481,4689443.223458132,225213.0,42,T,4
2023/02/20/17:52:14.181356,0,82334,0,GNSS,42.338266006666665,71.08661747333333,33.145,0.62,671894.048314913,4689443.221570362,225214.0,42,T,4
2023/02/20/17:52:15.187428,0,82335,0,GNSS,42.33826603833333,71.08661749166667,33.143,0.62,671894.0497389752,4689443.225123766,225215.0,42,T,4
2023/02/20/17:52:16.198098,0,82336,0,GNSS,42.33826602,71.08661747833334,33.148,0.62,671894.0486904939,4689443.223061034,225216.0,42,T,4
2023/02/20/17:52:17.199593,0,82337,0,GNSS,42.33826601166667,71.08661746666667,33.147,0.62,671894.047752068,4689443.222112097,225217.0,42,T,4
2023/02/20/17:52:18.169295,0,82338,0,GNSS,42.338266018333336,71.08661748833333,33.15,0.62,671894.049518862,4689443.222896181,225218.0,42,T,4
2023/02/20/17:52:19.157943,0,82339,0,GNSS,42.33826602833334,71.086617495,33.141,0.62,671894.050040832,4689443.22402008,225219.0,42,T,4
2023/02/20/17:52:20.186803,0,82340,0,GNSS,42.338266016666665,71.08661747,33.142,0.62,671894.048013052,4689443.222674048,225220.0,42,T,4
2023/02/20/17:52:21.203064,0,82341,0,GNSS,42.33826605,71.08661748,33.14,0.62,671894.0487460522,4689443.226395677,225221.0,42,T,4
2023/02/20/17:52:22.201015,0,82342,0,GNSS,42.338266025,71.08661746333334,33.147,0.62,671894.0474411284,4689443.223585925,225222.0,42,T,4
2023/02/20/17:52:23.190999,0,82343,0,GNSS,42.33826603666667,71.08661749333334,33.141,0.62,671894.0498808208,4689443.224942066,225223.0,42,T,4
2023/02/20/17:52:24.150764,0,82344,0,GNSS,42.33826602833334,71.086617475,33.143,0.62,671894.0483931785,4689443.223979649,225224.0,42,T,4
2023/02/20/17:52:25.183830,0,82345,0,GNSS,42.33826603333333,71.08661747333333,33.141,0.62,671894.0482422501,4689443.224531492,225225.0,42,T,4
2023/02/20/17:52:26.190508,0,82346,0,GNSS,42.33826603333333,71.08661749,33.146,0.62,671894.0496152933,4689443.224565185,225226.0,42,T,4
2023/02/20/17:52:27.167461,0,82347,0,GNSS,42.33826604833333,71.08661751666666,33.137,0.62,671894.0517712925,4689443.22628473,225227.0,42,T,4
2023/02/20/17:52:28.170068,0,82348,0,GNSS,42.33826605833333,71.08661749666666,33.143,0.62,671894.0500963904,4689443.227354723,225228.0,42,T,4
2023/02/20/17:52:29.182492,0,82349,0,GNSS,42.33826603166667,71.08661747833334,33.14,0.62,671894.0486587038,4689443.22435653,225229.0,42,T,4
2023/02/20/17:52:30.220452,0,82350,0,GNSS,42.33826603166667,71.08661749333334,33.141,0.62,671894.049894445,4689443.224386854,225230.0,42,T,4
2023/02/20/17:52:31.221393,0,82351,0,GNSS,42.33826605,71.086617495,33.139,0.62,671894.0499817934,4689443.226426,225231.0,42,T,4
2023/02/20/17:52:32.174570,0,82352,0,GNSS,42.338266041666664,71.08661747833334,33.135,0.62,671894.0486314553,4689443.225466954,225232.0,42,T,4
2023/02/20/17:52:33.175957,0,82353,0,GNSS,42.338266035,71.08661744666666,33.138,0.62,671894.0460408345,4689443.224662653,225233.0,42,T,4
2023/02/20/17:52:34.176696,0,82354,0,GNSS,42.33826603666667,71.086617455,33.138,0.62,671894.0467228157,4689443.224864571,225234.0,42,T,4
2023/02/20/17:52:35.195080,0,82355,0,GNSS,42.33826603666667,71.08661749666666,33.14,0.62,671894.0501554289,4689443.224948804,225235.0,42,T,4
2023/02/20/17:52:36.134135,0,82356,0,GNSS,42.33826602833334,71.086617475,33.144,0.62,671894.0483931785,4689443.223979649,225236.0,42,T,4
2023/02/20/17:52:37.187327,0,82357,0,GNSS,42.338266055,71.08661751,33.136,0.62,671894.0512039104,4689443.227011535,225237.0,42,T,4
2023/02/20/17:52:38.158013,0,82358,0,GNSS,42.338266008333335,71.08661747666666,33.142,0.62,671894.0485849797,4689443.221762171,225238.0,42,T,4
2023/02/20/17:52:39.189601,0,82359,0,GNSS,42.33826604666667,71.08661750333333,33.139,0.62,671894.0506773968,4689443.226072704,225239.0,42,T,4
2023/02/20/17:52:40.139378,0,82360,0,GNSS,42.33826603666667,71.08661749666666,33.137,0.62,671894.0501554289,4689443.224948804,225240.0,42,T,4
2023/02/20/17:52:41.184954,0,82361,0,GNSS,42.338266061666666,71.08661748833333,33.134,0.62,671894.0494007849,4689443.2277080165,225241.0,42,T,4
2023/02/20/17:52:42.236475,0,82362,0,GNSS,42.338266016666665,71.08661747666666,33.136,0.62,671894.0485622727,4689443.222687525,225242.0,42,T,4
2023/02/20/17:52:43.190683,0,82363,0,GNSS,42.338266041666664,71.08661751166666,33.135,0.62,671894.0513775459,4689443.225534339,225243.0,42,T,4
2023/02/20/17:52:44.149189,0,82364,0,GNSS,42.33826603333333,71.08661747166667,33.135,0.62,671894.0481049439,4689443.224528123,225244.0,42,T,4
2023/02/20/17:52:45.173624,0,82365,0,GNSS,42.338266051666665,71.08661743666667,33.139,0.62,671894.0451715934,4689443.226493145,225245.0,42,T,4
2023/02/20/17:52:46.181520,0,82366,0,GNSS,42.338266015,71.086617495,33.133,0.62,671894.0500771634,4689443.222539516,225246.0,42,T,4
2023/02/20/17:52:47.191564,0,82367,0,GNSS,42.33826601,71.08661748666667,33.136,0.62,671894.0494042651,4689443.221967457,225247.0,42,T,4
2023/02/20/17:52:48.170711,0,82368,0,GNSS,42.33826601,71.08661750166667,33.133,0.62,671894.0506400042,4689443.221997781,225248.0,42,T,4
2023/02/20/17:52:49.183274,0,82369,0,GNSS,42.33826602,71.08661749666666,33.132,0.62,671894.0502008433,4689443.223098096,225249.0,42,T,4
2023/02/20/17:52:50.192030,0,82370,0,GNSS,42.338266025,71.08661750333333,33.133,0.62,671894.0507364355,4689443.223666788,225250.0,42,T,4
2023/02/20/17:52:51.192874,0,82371,0,GNSS,42.33826604,71.08661751833333,33.138,0.62,671894.0519313037,4689443.225362745,225251.0,42,T,4
2023/02/20/17:52:52.191046,0,82372,0,GNSS,42.338266035,71.08661752166667,33.137,0.62,671894.0522195384,4689443.2248142725,225252.0,42,T,4
2023/02/20/17:52:53.199380,0,82373,0,GNSS,42.33826602333333,71.08661752833333,33.139,0.62,671894.0528005469,4689443.223532256,225253.0,42,T,4
2023/02/20/17:52:54.170160,0,82374,0,GNSS,42.33826604,71.08661752333333,33.14,0.62,671894.0523432181,4689443.225372853,225254.0,42,T,4
2023/02/20/17:52:55.174172,0,82375,0,GNSS,42.33826603833333,71.08661752833333,33.14,0.62,671894.052759674,4689443.22519789,225255.0,42,T,4
2023/02/20/17:52:56.188589,0,82376,0,GNSS,42.33826601333333,71.08661753833333,33.137,0.62,671894.0536516223,4689443.222442047,225256.0,42,T,4
2023/02/20/17:52:57.194602,0,82377,0,GNSS,42.33826603666667,71.086617535,33.143,0.62,671894.053313434,4689443.225026298,225257.0,42,T,4
2023/02/20/17:52:58.188565,0,82378,0,GNSS,42.33826603833333,71.08661752166667,33.144,0.62,671894.0522104555,4689443.225184414,225258.0,42,T,4
2023/02/20/17:52:59.215250,0,82379,0,GNSS,42.33826603666667,71.08661752833333,33.147,0.62,671894.0527642155,4689443.225012821,225259.0,42,T,4
2023/02/20/17:53:00.163458,0,82380,0,GNSS,42.338266018333336,71.086617535,33.143,0.62,671894.0533633898,4689443.222990522,225300.0,42,T,4
2023/02/20/17:53:01.189066,0,82381,0,GNSS,42.33826602,71.086617545,33.147,0.62,671894.0541826751,4689443.223195806,225301.0,42,T,4
2023/02/20/17:53:02.164744,0,82382,0,GNSS,42.338266008333335,71.086617485,33.147,0.62,671894.0492715024,4689443.221779018,225302.0,42,T,4
2023/02/20/17:53:03.214029,0,82383,0,GNSS,42.338266026666666,71.08661750333333,33.142,0.62,671894.050731894,4689443.223851857,225303.0,42,T,4
2023/02/20/17:53:04.177562,0,82384,0,GNSS,42.33826602333333,71.08661752166667,33.147,0.62,671894.0522513284,4689443.223518779,225304.0,42,T,4
2023/02/20/17:53:05.193803,0,82385,0,GNSS,42.33826604666667,71.08661754666667,33.147,0.62,671894.0542473163,4689443.226160307,225305.0,42,T,4
2023/02/20/17:53:06.154868,0,82386,0,GNSS,42.33826603833333,71.08661754,33.141,0.62,671894.053720807,4689443.225221476,225306.0,42,T,4
2023/02/20/17:53:07.189408,0,82387,0,GNSS,42.338266026666666,71.08661754,33.143,0.62,671894.053752597,4689443.223925982,225307.0,42,T,4
2023/02/20/17:53:08.186494,0,82388,0,GNSS,42.33826602166667,71.08661753333334,33.144,0.62,671894.0532170007,4689443.223357293,225308.0,42,T,4
2023/02/20/17:53:09.194329,0,82389,0,GNSS,42.33826602,71.08661754166667,33.148,0.62,671894.0539080668,4689443.223189068,225309.0,42,T,4
2023/02/20/17:53:10.248175,0,82390,0,GNSS,42.338266026666666,71.08661755,33.15,0.62,671894.0545764217,4689443.223946197,225310.0,42,T,4
2023/02/20/17:53:11.180345,0,82391,0,GNSS,42.338266018333336,71.08661750333333,33.144,0.62,671894.0507546011,4689443.222926505,225311.0,42,T,4
2023/02/20/17:53:12.174480,0,82392,0,GNSS,42.33826603166667,71.08661752,33.14,0.62,671894.0520913171,4689443.224440764,225312.0,42,T,4
2023/02/20/17:53:13.170652,0,82393,0,GNSS,42.33826603666667,71.08661752666667,33.146,0.62,671894.0526269113,4689443.225009452,225313.0,42,T,4
2023/02/20/17:53:14.177877,0,82394,0,GNSS,42.33826603166667,71.08661754333333,33.139,0.62,671894.054013581,4689443.224487932,225314.0,42,T,4
2023/02/20/17:53:15.236991,0,82395,0,GNSS,42.338266041666664,71.08661756666666,33.14,0.62,671894.0559085942,4689443.225645526,225315.0,42,T,4
2023/02/20/17:53:16.208366,0,82396,0,GNSS,42.33826600166667,71.08661753833333,33.143,0.62,671894.0536834123,4689443.221146553,225316.0,42,T,4
2023/02/20/17:53:17.294004,0,82397,0,GNSS,42.33826604,71.08661753666667,33.142,0.62,671894.0534416552,4689443.225399808,225317.0,42,T,4
2023/02/20/17:53:18.256269,0,82398,0,GNSS,42.338266035,71.08661753833333,33.144,0.62,671894.0535925836,4689443.224847966,225318.0,42,T,4
2023/02/20/17:53:19.224833,0,82399,0,GNSS,42.33826601166667,71.086617525,33.144,0.62,671894.0525577287,4689443.222230023,225319.0,42,T,4
2023/02/20/17:53:20.181922,0,82400,0,GNSS,42.338266043333334,71.08661753666667,33.144,0.62,671894.0534325724,4689443.225769949,225320.0,42,T,4
2023/02/20/17:53:21.195886,0,82401,0,GNSS,42.33826604666667,71.08661755166666,33.143,0.62,671894.0546592287,4689443.226170415,225321.0,42,T,4
2023/02/20/17:53:22.147122,0,82402,0,GNSS,42.338266035,71.08661753166666,33.145,0.62,671894.0530433651,4689443.224834488,225322.0,42,T,4
2023/02/20/17:53:23.246741,0,82403,0,GNSS,42.338266006666665,71.08661751833333,33.15,0.62,671894.0520221323,4689443.221661333,225323.0,42,T,4
2023/02/20/17:53:24.211412,0,82404,0,GNSS,42.33826602833334,71.08661750666667,33.146,0.62,671894.051001965,4689443.224043665,225324.0,42,T,4
2023/02/20/17:53:25.185709,0,82405,0,GNSS,42.338266053333335,71.08661753166666,33.141,0.62,671894.0529934095,4689443.226870266,225325.0,42,T,4
2023/02/20/17:53:26.194943,0,82406,0,GNSS,42.338266035,71.08661752333333,33.142,0.62,671894.0523568424,4689443.224817642,225326.0,42,T,4
2023/02/20/17:53:27.197525,0,82407,0,GNSS,42.338266045,71.08661751833333,33.139,0.62,671894.0519176795,4689443.225917958,225327.0,42,T,4
2023/02/20/17:53:28.181614,0,82408,0,GNSS,42.33826603166667,71.08661750333333,33.138,0.62,671894.0507182698,4689443.224407069,225328.0,42,T,4
2023/02/20/17:53:29.207629,0,82409,0,GNSS,42.33826605833333,71.08661752666667,33.14,0.62,671894.0525678728,4689443.22741537,225329.0,42,T,4
2023/02/20/17:53:30.178272,0,82410,0,GNSS,42.338266055,71.08661750833333,33.141,0.62,671894.0510666062,4689443.227008165,225330.0,42,T,4
2023/02/20/17:53:31.156399,0,82411,0,GNSS,42.338266063333336,71.08661752833333,33.135,0.62,671894.0526915526,4689443.22797395,225331.0,42,T,4
2023/02/20/17:53:32.178420,0,82412,0,GNSS,42.33826604833333,71.086617505,33.135,0.62,671894.0508101637,4689443.2262611445,225332.0,42,T,4
2023/02/20/17:53:33.176308,0,82413,0,GNSS,42.338266043333334,71.08661751833333,33.137,0.62,671894.051922221,4689443.225732886,225333.0,42,T,4
2023/02/20/17:53:34.163795,0,82414,0,GNSS,42.338266015,71.08661751,33.139,0.62,671894.0513129046,4689443.22256984,225334.0,42,T,4
2023/02/20/17:53:35.214570,0,82415,0,GNSS,42.338266026666666,71.08661752833333,33.142,0.62,671894.052791464,4689443.223902396,225335.0,42,T,4
2023/02/20/17:53:36.222744,0,82416,0,GNSS,42.33826602,71.086617525,33.147,0.62,671894.0525350216,4689443.223155376,225336.0,42,T,4
2023/02/20/17:53:37.193406,0,82417,0,GNSS,42.33826605833333,71.08661752666667,33.138,0.62,671894.0525678728,4689443.22741537,225337.0,42,T,4
2023/02/20/17:53:38.186081,0,82418,0,GNSS,42.33826605833333,71.08661752833333,33.138,0.62,671894.0527051769,4689443.227418739,225338.0,42,T,4
2023/02/20/17:53:39.165561,0,82419,0,GNSS,42.338266053333335,71.08661751333334,33.138,0.62,671894.05148306,4689443.226833204,225339.0,42,T,4
2023/02/20/17:53:40.145376,0,82420,0,GNSS,42.33826606,71.08661751333334,33.134,0.62,671894.0514648943,4689443.227573486,225340.0,42,T,4
2023/02/20/17:53:41.199024,0,82421,0,GNSS,42.338266051666665,71.08661749833334,33.136,0.62,671894.0502518602,4689443.226617808,225341.0,42,T,4
2023/02/20/17:53:42.181202,0,82422,0,GNSS,42.338266051666665,71.08661750833333,33.137,0.62,671894.051075689,4689443.226638025,225342.0,42,T,4
2023/02/20/17:53:43.187929,0,82423,0,GNSS,42.338266041666664,71.08661753666667,33.14,0.62,671894.0534371139,4689443.225584879,225343.0,42,T,4
2023/02/20/17:53:44.169085,0,82424,0,GNSS,42.338266041666664,71.08661753666667,33.138,0.62,671894.0534371139,4689443.225584879,225344.0,42,T,4
2023/02/20/17:53:45.146872,0,82425,0,GNSS,42.338266026666666,71.08661753333334,33.139,0.62,671894.0532033765,4689443.2239125045,225345.0,42,T,4
2023/02/20/17:53:46.170040,0,82426,0,GNSS,42.33826606,71.08661753666667,33.137,0.62,671894.0533871581,4689443.227620656,225346.0,42,T,4
2023/02/20/17:53:47.181581,0,82427,0,GNSS,42.338266061666666,71.08661752833333,33.136,0.62,671894.052696094,4689443.22778888,225347.0,42,T,4
2023/02/20/17:53:48.191069,0,82428,0,GNSS,42.338266065,71.08661749333334,33.14,0.62,671894.0498036165,4689443.228088265,225348.0,42,T,4
2023/02/20/17:53:49.186047,0,82429,0,GNSS,42.33826605833333,71.08661752,33.133,0.62,671894.0520186542,4689443.227401893,225349.0,42,T,4
2023/02/20/17:53:50.176745,0,82430,0,GNSS,42.33826607,71.086617525,33.136,0.62,671894.0523987787,4689443.228707495,225350.0,42,T,4
2023/02/20/17:53:51.530828,0,82431,0,GNSS,42.338266055,71.08661748666667,33.14,0.62,671894.0492816465,4689443.226964365,225351.0,42,T,4
2023/02/20/17:53:52.177896,0,82432,0,GNSS,42.33826604833333,71.086617515,33.141,0.62,671894.0516339884,4689443.226281361,225352.0,42,T,4
2023/02/20/17:53:53.189592,0,82433,0,GNSS,42.33826604833333,71.086617505,33.141,0.62,671894.0508101637,4689443.2262611445,225353.0,42,T,4
2023/02/20/17:53:54.189101,0,82434,0,GNSS,42.338266051666665,71.08661750833333,33.136,0.62,671894.051075689,4689443.226638025,225354.0,42,T,4
2023/02/20/17:53:55.208026,0,82435,0,GNSS,42.338266071666666,71.086617515,33.133,0.62,671894.0515704084,4689443.2288723495,225355.0,42,T,4
2023/02/20/17:53:56.194519,0,82436,0,GNSS,42.33826605666667,71.08661749666666,33.134,0.62,671894.0501009318,4689443.227169652,225356.0,42,T,4
2023/02/20/17:53:57.200346,0,82437,0,GNSS,42.338266063333336,71.08661753666667,33.135,0.62,671894.0533780752,4689443.227990797,225357.0,42,T,4
2023/02/20/17:53:58.174498,0,82438,0,GNSS,42.338266051666665,71.08661750666667,33.136,0.62,671894.050938385,4689443.226634655,225358.0,42,T,4
2023/02/20/17:53:59.237794,0,82439,0,GNSS,42.33826605666667,71.08661751,33.133,0.62,671894.0511993689,4689443.227196606,225359.0,42,T,4
2023/02/20/17:54:00.183099,0,82440,0,GNSS,42.338266061666666,71.086617515,33.136,0.62,671894.0515976569,4689443.227761925,225400.0,42,T,4
2023/02/20/17:54:01.191598,0,82441,0,GNSS,42.33826607333334,71.08661752833333,33.137,0.62,671894.052664304,4689443.229084374,225401.0,42,T,4
2023/02/20/17:54:02.162329,0,82442,0,GNSS,42.33826606,71.0866175,33.134,0.62,671894.0503664572,4689443.227546532,225402.0,42,T,4
2023/02/20/17:54:03.175677,0,82443,0,GNSS,42.33826605,71.086617505,33.137,0.62,671894.0508056222,4689443.226446216,225403.0,42,T,4
2023/02/20/17:54:04.167254,0,82444,0,GNSS,42.33826607333334,71.08661752666667,33.134,0.62,671894.052527,4689443.229081006,225404.0,42,T,4
2023/02/20/17:54:05.215374,0,82445,0,GNSS,42.33826607,71.086617485,33.135,0.62,671894.0491034695,4689443.228626632,225405.0,42,T,4
2023/02/20/17:54:06.183764,0,82446,0,GNSS,42.33826606,71.086617505,33.135,0.62,671894.0507783737,4689443.227556639,225406.0,42,T,4
2023/02/20/17:54:07.154915,0,82447,0,GNSS,42.33826604666667,71.08661752166667,33.136,0.62,671894.0521877484,4689443.226109767,225407.0,42,T,4
2023/02/20/17:54:08.169436,0,82448,0,GNSS,42.338266055,71.08661752833333,33.14,0.62,671894.0527142597,4689443.227048597,225408.0,42,T,4
2023/02/20/17:54:09.252141,0,82449,0,GNSS,42.33826603333333,71.08661752,33.142,0.62,671894.0520867757,4689443.224625832,225409.0,42,T,4
2023/02/20/17:54:10.193253,0,82450,0,GNSS,42.33826605833333,71.08661751,33.14,0.62,671894.0511948275,4689443.227381677,225410.0,42,T,4
2023/02/20/17:54:11.208612,0,82451,0,GNSS,42.33826607666666,71.08661748666667,33.14,0.62,671894.0492226079,4689443.229370284,225411.0,42,T,4
2023/02/20/17:54:12.151995,0,82452,0,GNSS,42.338266075,71.08661748833333,33.138,0.62,671894.0493644534,4689443.229188581,225412.0,42,T,4
2023/02/20/17:54:13.157881,0,82453,0,GNSS,42.33826607,71.08661751833333,33.137,0.62,671894.051849558,4689443.228694018,225413.0,42,T,4
2023/02/20/17:54:14.172433,0,82454,0,GNSS,42.338266055,71.08661751666666,33.142,0.62,671894.0517531268,4689443.227025012,225414.0,42,T,4
2023/02/20/17:54:15.153147,0,82455,0,GNSS,42.338266035,71.086617505,33.141,0.62,671894.0508464952,4689443.22478058,225415.0,42,T,4
2023/02/20/17:54:16.186430,0,82456,0,GNSS,42.33826603166667,71.086617515,33.148,0.62,671894.0516794027,4689443.224430655,225416.0,42,T,4
2023/02/20/17:54:17.187060,0,82457,0,GNSS,42.338266006666665,71.08661752166667,33.151,0.62,671894.0522967427,4689443.221668072,225417.0,42,T,4
2023/02/20/17:54:18.190402,0,82458,0,GNSS,42.33826603833333,71.08661754,33.142,0.62,671894.053720807,4689443.225221476,225418.0,42,T,4
2023/02/20/17:54:19.193575,0,82459,0,GNSS,42.33826604833333,71.08661753166666,33.145,0.62,671894.0530070337,4689443.226315054,225419.0,42,T,4
2023/02/20/17:54:20.185910,0,82460,0,GNSS,42.33826604666667,71.08661751333334,33.146,0.62,671894.0515012257,4689443.226092922,225420.0,42,T,4
2023/02/20/17:54:21.196239,0,82461,0,GNSS,42.33826603833333,71.08661751166666,33.141,0.62,671894.0513866288,4689443.225164197,225421.0,42,T,4
2023/02/20/17:54:22.176238,0,82462,0,GNSS,42.33826602166667,71.08661747166667,33.145,0.62,671894.0481367339,4689443.22323263,225422.0,42,T,4
2023/02/20/17:54:23.167190,0,82463,0,GNSS,42.338266041666664,71.08661749166667,33.146,0.62,671894.0497298924,4689443.225493908,225423.0,42,T,4
2023/02/20/17:54:24.163293,0,82464,0,GNSS,42.33826603833333,71.08661748666667,33.146,0.62,671894.0493270608,4689443.225113657,225424.0,42,T,4
2023/02/20/17:54:25.180720,0,82465,0,GNSS,42.33826605,71.08661753666667,33.146,0.62,671894.0534144067,4689443.226510232,225425.0,42,T,4
2023/02/20/17:54:26.192260,0,82466,0,GNSS,42.33826604833333,71.08661752,33.147,0.62,671894.0520459028,4689443.226291468,225426.0,42,T,4
2023/02/20/17:54:27.192953,0,82467,0,GNSS,42.33826606,71.08661753833333,33.147,0.62,671894.0535244623,4689443.227624026,225427.0,42,T,4
2023/02/20/17:54:28.233795,0,82468,0,GNSS,42.338266063333336,71.08661755,33.144,0.62,671894.0544765103,4689443.228017752,225428.0,42,T,4
2023/02/20/17:54:29.237251,0,82469,0,GNSS,42.33826604,71.08661749833334,33.146,0.62,671894.0502836502,4689443.225322314,225429.0,42,T,4
2023/02/20/17:54:30.200083,0,82470,0,GNSS,42.338266041666664,71.08661751333334,33.146,0.62,671894.05151485,4689443.225537708,225430.0,42,T,4
2023/02/20/17:54:31.198560,0,82471,0,GNSS,42.338266005,71.08661750833333,33.146,0.62,671894.0512028491,4689443.221456048,225431.0,42,T,4
2023/02/20/17:54:32.167765,0,82472,0,GNSS,42.338266026666666,71.08661751333334,33.149,0.62,671894.0515557228,4689443.223872072,225432.0,42,T,4
2023/02/20/17:54:33.189601,0,82473,0,GNSS,42.33826603166667,71.08661752833333,33.146,0.62,671894.0527778398,4689443.2244576095,225433.0,42,T,4
2023/02/20/17:54:34.147981,0,82474,0,GNSS,42.338266043333334,71.086617525,33.145,0.62,671894.0524714416,4689443.225746364,225434.0,42,T,4
2023/02/20/17:54:35.184130,0,82475,0,GNSS,42.33826603166667,71.08661754,33.143,0.62,671894.0537389728,4689443.224481194,225435.0,42,T,4
2023/02/20/17:54:36.200347,0,82476,0,GNSS,42.338266045,71.086617535,33.146,0.62,671894.0532907268,4689443.22595165,225436.0,42,T,4
2023/02/20/17:54:37.202158,0,82477,0,GNSS,42.33826603166667,71.08661753333334,33.15,0.62,671894.0531897522,4689443.224467717,225437.0,42,T,4
2023/02/20/17:54:38.147615,0,82478,0,GNSS,42.338266018333336,71.086617525,33.151,0.62,671894.052539563,4689443.222970306,225438.0,42,T,4
2023/02/20/17:54:39.176794,0,82479,0,GNSS,42.33826604,71.08661752833333,33.149,0.62,671894.0527551326,4689443.225382961,225439.0,42,T,4
2023/02/20/17:54:40.207608,0,82480,0,GNSS,42.33826603166667,71.08661753833333,33.15,0.62,671894.0536016666,4689443.224477826,225440.0,42,T,4
2023/02/20/17:54:41.192413,0,82481,0,GNSS,42.33826602,71.086617515,33.147,0.62,671894.0517111927,4689443.22313516,225441.0,42,T,4
2023/02/20/17:54:42.191390,0,82482,0,GNSS,42.33826603166667,71.086617545,33.145,0.62,671894.0541508851,4689443.224491303,225442.0,42,T,4
2023/02/20/17:54:43.196067,0,82483,0,GNSS,42.338266045,71.08661752666667,33.148,0.62,671894.0526042043,4689443.225934804,225443.0,42,T,4
2023/02/20/17:54:44.159980,0,82484,0,GNSS,42.338266025,71.086617505,33.146,0.62,671894.0508737437,4689443.223670158,225444.0,42,T,4
2023/02/20/17:54:45.186491,0,82485,0,GNSS,42.33826604,71.08661759,33.14,0.62,671894.0578354015,4689443.225507625,225445.0,42,T,4
2023/02/20/17:54:46.161098,0,82486,0,GNSS,42.338266041666664,71.08661756833334,33.141,0.62,671894.0560459003,4689443.225648895,225446.0,42,T,4
2023/02/20/17:54:47.210579,0,82487,0,GNSS,42.33826603,71.08661751833333,33.149,0.62,671894.0519585523,4689443.224252323,225447.0,42,T,4
2023/02/20/17:54:48.178374,0,82488,0,GNSS,42.33826602833334,71.08661753,33.142,0.62,671894.0529242267,4689443.224090836,225448.0,42,T,4
2023/02/20/17:54:49.200590,0,82489,0,GNSS,42.33826602333333,71.08661752833333,33.143,0.62,671894.0528005469,4689443.223532256,225449.0,42,T,4
2023/02/20/17:54:50.150563,0,82490,0,GNSS,42.338266041666664,71.08661754,33.145,0.62,671894.0537117242,4689443.225591618,225450.0,42,T,4
2023/02/20/17:54:51.189395,0,82491,0,GNSS,42.338266043333334,71.08661754166667,33.144,0.62,671894.0538444868,4689443.225780057,225451.0,42,T,4
2023/02/20/17:54:52.177240,0,82492,0,GNSS,42.338266026666666,71.08661750833333,33.146,0.62,671894.0511438105,4689443.223861964,225452.0,42,T,4
2023/02/20/17:54:53.187829,0,82493,0,GNSS,42.33826603333333,71.08661754333333,33.145,0.72,671894.0540090395,4689443.224673003,225453.0,42,T,4
2023/02/20/17:54:54.186462,0,82494,0,GNSS,42.33826602833334,71.08661753166666,33.146,0.72,671894.0530615309,4689443.224094205,225454.0,42,T,4
2023/02/20/17:54:55.175153,0,82495,0,GNSS,42.33826603333333,71.08661750833333,33.148,0.72,671894.0511256448,4689443.224602248,225455.0,42,T,4
2023/02/20/17:54:56.152587,0,82496,0,GNSS,42.33826603,71.08661752666667,33.143,0.72,671894.0526450771,4689443.224269168,225456.0,42,T,4
2023/02/20/17:54:57.180871,0,82497,0,GNSS,42.338266015,71.08661752333333,33.142,0.72,671894.0524113396,4689443.222596794,225457.0,42,T,4
2023/02/20/17:54:58.190300,0,82498,0,GNSS,42.338266006666665,71.08661753333334,33.142,0.72,671894.0532578735,4689443.221691657,225458.0,42,T,4
2023/02/20/17:54:59.200770,0,82499,0,GNSS,42.338266035,71.08661751166666,33.142,0.62,671894.0513957116,4689443.224794056,225459.0,42,T,4
2023/02/20/17:55:00.175034,0,82500,0,GNSS,42.33826604666667,71.08661751,33.145,0.62,671894.0512266175,4689443.2260861825,225500.0,42,T,4
2023/02/20/17:55:01.180459,0,82501,0,GNSS,42.33826605833333,71.08661751333334,33.148,0.62,671894.0514694357,4689443.2273884155,225501.0,42,T,4
2023/02/20/17:55:02.157048,0,82502,0,GNSS,42.33826602333333,71.086617515,33.151,0.62,671894.0517021099,4689443.223505302,225502.0,42,T,4
2023/02/20/17:55:03.177499,0,82503,0,GNSS,42.33826603,71.08661751833333,33.146,0.62,671894.0519585523,4689443.224252323,225503.0,42,T,4
2023/02/20/17:55:04.167824,0,82504,0,GNSS,42.33826603,71.08661753666667,33.148,0.62,671894.0534689039,4689443.224289385,225504.0,42,T,4
2023/02/20/17:55:05.197279,0,82505,0,GNSS,42.33826605,71.08661753166666,33.144,0.62,671894.0530024923,4689443.226500125,225505.0,42,T,4
2023/02/20/17:55:06.214139,0,82506,0,GNSS,42.338266045,71.08661751833333,33.148,0.62,671894.0519176795,4689443.225917958,225506.0,42,T,4
2023/02/20/17:55:07.198583,0,82507,0,GNSS,42.338266061666666,71.08661753,33.148,0.62,671894.0528333981,4689443.227792249,225507.0,42,T,4
2023/02/20/17:55:08.168089,0,82508,0,GNSS,42.33826603666667,71.086617495,33.15,0.62,671894.0500181249,4689443.224945435,225508.0,42,T,4
2023/02/20/17:55:09.196476,0,82509,0,GNSS,42.33826605,71.08661750666667,33.144,0.62,671894.0509429264,4689443.226449585,225509.0,42,T,4
2023/02/20/17:55:10.323110,0,82510,0,GNSS,42.338266,71.08661747833334,33.147,0.62,671894.0487449911,4689443.220840188,225510.0,42,T,4
2023/02/20/17:55:11.185009,0,82511,0,GNSS,42.33826605666667,71.086617525,33.144,0.62,671894.0524351101,4689443.22722693,225511.0,42,T,4
2023/02/20/17:55:12.251570,0,82512,0,GNSS,42.33826604833333,71.08661748666667,33.147,0.62,671894.0492998122,4689443.2262240825,225512.0,42,T,4
2023/02/20/17:55:13.198203,0,82513,0,GNSS,42.33826604666667,71.08661750666667,33.144,0.62,671894.0509520093,4689443.2260794435,225513.0,42,T,4
2023/02/20/17:55:14.160297,0,82514,0,GNSS,42.33826603666667,71.08661751666666,33.143,0.62,671894.0518030825,4689443.224989235,225514.0,42,T,4
2023/02/20/17:55:15.197530,0,82515,0,GNSS,42.33826606,71.08661749666666,33.144,0.62,671894.0500918489,4689443.227539793,225515.0,42,T,4
2023/02/20/17:55:16.190667,0,82516,0,GNSS,42.338266055,71.08661748833333,33.142,0.62,671894.0494189506,4689443.226967734,225516.0,42,T,4
2023/02/20/17:55:17.188684,0,82517,0,GNSS,42.338266043333334,71.08661747,33.141,0.62,671894.047940389,4689443.2256351765,225517.0,42,T,4
2023/02/20/17:55:18.178438,0,82518,0,GNSS,42.338266055,71.08661749166667,33.145,0.62,671894.0496935609,4689443.226974472,225518.0,42,T,4
2023/02/20/17:55:19.196931,0,82519,0,GNSS,42.338266078333334,71.08661753333334,33.141,0.62,671894.053062592,4689443.229649694,225519.0,42,T,4
2023/02/20/17:55:20.159533,0,82520,0,GNSS,42.338266055,71.08661752166667,33.14,0.62,671894.0521650412,4689443.22703512,225520.0,42,T,4
2023/02/20/17:55:21.169337,0,82521,0,GNSS,42.33826604,71.08661749333334,33.144,0.62,671894.0498717378,4689443.225312205,225521.0,42,T,4
2023/02/20/17:55:22.150589,0,82522,0,GNSS,42.33826602166667,71.08661749833334,33.138,0.62,671894.050333606,4689443.223286538,225522.0,42,T,4
2023/02/20/17:55:23.178496,0,82523,0,GNSS,42.338266041666664,71.086617515,33.144,0.62,671894.0516521542,4689443.2255410785,225523.0,42,T,4
2023/02/20/17:55:24.183372,0,82524,0,GNSS,42.338266078333334,71.08661749666666,33.138,0.62,671894.0500418933,4689443.229575569,225524.0,42,T,4
2023/02/20/17:55:25.207040,0,82525,0,GNSS,42.33826608333333,71.08661751166666,33.141,0.62,671894.0512640101,4689443.230161106,225525.0,42,T,4
2023/02/20/17:55:26.189149,0,82526,0,GNSS,42.33826609166667,71.08661752166667,33.138,0.62,671894.0520651297,4689443.231106673,225526.0,42,T,4
2023/02/20/17:55:27.189504,0,82527,0,GNSS,42.33826610166667,71.08661749333334,33.133,0.62,671894.0497037049,4689443.232159819,225527.0,42,T,4
2023/02/20/17:55:28.152398,0,82528,0,GNSS,42.33826608333333,71.08661752666667,33.135,0.62,671894.0524997513,4689443.230191429,225528.0,42,T,4
2023/02/20/17:55:29.183158,0,82529,0,GNSS,42.33826606666667,71.08661751666666,33.141,0.62,671894.0517213368,4689443.228320507,225529.0,42,T,4
2023/02/20/17:55:30.181897,0,82530,0,GNSS,42.338266055,71.08661751166666,33.143,0.62,671894.0513412145,4689443.227014905,225530.0,42,T,4
2023/02/20/17:55:31.263005,0,82531,0,GNSS,42.338266065,71.08661750833333,33.14,0.62,671894.0510393577,4689443.228118589,225531.0,42,T,4
2023/02/20/17:55:32.175633,0,82532,0,GNSS,42.338266053333335,71.086617475,33.142,0.62,671894.048325057,4689443.226755709,225532.0,42,T,4
2023/02/20/17:55:33.186284,0,82533,0,GNSS,42.33826606833333,71.08661752833333,33.14,0.62,671894.0526779284,4689443.228529163,225533.0,42,T,4
2023/02/20/17:55:34.213344,0,82534,0,GNSS,42.338266053333335,71.086617525,33.139,0.62,671894.0524441929,4689443.226856788,225534.0,42,T,4
2023/02/20/17:55:35.181549,0,82535,0,GNSS,42.338266055,71.08661750833333,33.139,0.62,671894.0510666062,4689443.227008165,225535.0,42,T,4
2023/02/20/17:55:36.140318,0,82536,0,GNSS,42.338266078333334,71.08661752833333,33.14,0.62,671894.0526506797,4689443.229639586,225536.0,42,T,4
2023/02/20/17:55:37.184992,0,82537,0,GNSS,42.338266065,71.08661752333333,33.145,0.62,671894.0522750968,4689443.228148913,225537.0,42,T,4
2023/02/20/17:55:38.166958,0,82538,0,GNSS,42.33826607666666,71.08661751,33.141,0.62,671894.0511448717,4689443.2294174535,225538.0,42,T,4
2023/02/20/17:55:39.199258,0,82539,0,GNSS,42.338266065,71.086617515,33.143,0.62,671894.0515885741,4689443.228132067,225539.0,42,T,4
2023/02/20/17:55:40.226637,0,82540,0,GNSS,42.338266086666664,71.08661753166666,33.136,0.62,671894.0529025808,4689443.230571677,225540.0,42,T,4
2023/02/20/17:55:41.477395,0,82541,0,GNSS,42.33826606666667,71.08661754,33.142,0.62,671894.0536436026,4689443.228367677,225541.0,42,T,4
2023/02/20/17:55:42.194623,0,82542,0,GNSS,42.338266105,71.08661749,33.14,0.62,671894.0494200118,4689443.232523222,225542.0,42,T,4
2023/02/20/17:55:43.217264,0,82543,0,GNSS,42.338266063333336,71.08661752,33.138,0.62,671894.05200503,4689443.227957104,225543.0,42,T,4
2023/02/20/17:55:44.238360,0,82544,0,GNSS,42.33826604833333,71.086617545,33.146,0.62,671894.0541054708,4689443.226342008,225544.0,42,T,4
2023/02/20/17:55:45.191750,0,82545,0,GNSS,42.33826608166667,71.086617535,33.137,0.62,671894.0531908154,4689443.230023205,225545.0,42,T,4
2023/02/20/17:55:46.153990,0,82546,0,GNSS,42.338266045,71.08661752666667,33.139,0.62,671894.0526042043,4689443.225934804,225546.0,42,T,4
2023/02/20/17:55:47.241951,0,82547,0,GNSS,42.33826606666667,71.08661753,33.143,0.62,671894.0528197738,4689443.228347461,225547.0,42,T,4
2023/02/20/17:55:48.172964,0,82548,0,GNSS,42.338266041666664,71.08661750333333,33.147,0.62,671894.0506910211,4689443.225517493,225548.0,42,T,4
2023/02/20/17:55:49.190400,0,82549,0,GNSS,42.33826607666666,71.08661752,33.145,0.62,671894.0519686985,4689443.22943767,225549.0,42,T,4
2023/02/20/17:55:50.175231,0,82550,0,GNSS,42.33826605833333,71.08661752,33.15,0.62,671894.0520186542,4689443.227401893,225550.0,42,T,4
2023/02/20/17:55:51.201134,0,82551,0,GNSS,42.338266075,71.08661755166666,33.139,0.62,671894.0545820243,4689443.229316615,225551.0,42,T,4
2023/02/20/17:55:52.188427,0,82552,0,GNSS,42.338266095,71.08661752833333,33.149,0.62,671894.0526052654,4689443.2314902935,225552.0,42,T,4
2023/02/20/17:55:53.167981,0,82553,0,GNSS,42.33826608166667,71.08661753666667,33.145,0.62,671894.0533281196,4689443.230026575,225553.0,42,T,4
2023/02/20/17:55:54.188729,0,82554,0,GNSS,42.338266065,71.08661752,33.145,0.62,671894.0520004885,4689443.228142175,225554.0,42,T,4
2023/02/20/17:55:55.133088,0,82555,0,GNSS,42.338266075,71.08661753166666,33.149,0.62,671894.0529343708,4689443.229276183,225555.0,42,T,4
2023/02/20/17:55:56.188654,0,82556,0,GNSS,42.33826607,71.086617525,33.151,0.62,671894.0523987787,4689443.228707495,225556.0,42,T,4
2023/02/20/17:55:57.183635,0,82557,0,GNSS,42.33826606,71.08661755666667,33.15,0.62,671894.0550348137,4689443.227661088,225557.0,42,T,4
2023/02/20/17:55:58.191889,0,82558,0,GNSS,42.338266051666665,71.08661753333334,33.15,0.62,671894.0531352549,4689443.226688565,225558.0,42,T,4
2023/02/20/17:55:59.262411,0,82559,0,GNSS,42.33826602833334,71.08661753,33.149,0.62,671894.0529242267,4689443.224090836,225559.0,42,T,4
2023/02/20/17:56:00.173550,0,82560,0,GNSS,42.338266041666664,71.08661755666667,33.152,0.62,671894.0550847695,4689443.225625311,225600.0,42,T,4
2023/02/20/17:56:01.201885,0,82561,0,GNSS,42.33826605,71.08661755666667,33.149,0.62,671894.0550620623,4689443.226550664,225601.0,42,T,4
2023/02/20/17:56:02.207683,0,82562,0,GNSS,42.33826603833333,71.08661756166667,33.153,0.62,671894.0555057647,4689443.225265277,225602.0,42,T,4
2023/02/20/17:56:03.207005,0,82563,0,GNSS,42.338266063333336,71.08661755166666,33.152,0.62,671894.0546138143,4689443.228021121,225603.0,42,T,4
2023/02/20/17:56:04.147447,0,82564,0,GNSS,42.33826602333333,71.08661751833333,33.152,0.62,671894.051976718,4689443.22351204,225604.0,42,T,4
2023/02/20/17:56:05.211007,0,82565,0,GNSS,42.338266026666666,71.08661753333334,33.155,0.62,671894.0532033765,4689443.2239125045,225605.0,42,T,4
2023/02/20/17:56:06.213965,0,82566,0,GNSS,42.33826603666667,71.086617545,33.152,0.62,671894.0541372608,4689443.225046514,225606.0,42,T,4
2023/02/20/17:56:07.165189,0,82567,0,GNSS,42.338266051666665,71.08661753666667,33.156,0.62,671894.0534098652,4689443.226695303,225607.0,42,T,4
2023/02/20/17:56:08.187160,0,82568,0,GNSS,42.33826604666667,71.08661754333333,33.153,0.62,671894.0539727081,4689443.226153569,225608.0,42,T,4
2023/02/20/17:56:09.179869,0,82569,0,GNSS,42.33826603333333,71.08661755333334,33.155,0.62,671894.0548328663,4689443.224693218,225609.0,42,T,4
2023/02/20/17:56:10.176390,0,82570,0,GNSS,42.33826600166667,71.08661752833333,33.153,0.62,671894.0528595855,4689443.221126337,225610.0,42,T,4
2023/02/20/17:56:11.191626,0,82571,0,GNSS,42.338266015,71.08661752833333,33.153,0.62,671894.052823254,4689443.222606903,225611.0,42,T,4
2023/02/20/17:56:12.442114,0,82572,0,GNSS,42.33826600333333,71.08661754333333,33.158,0.62,671894.0540907853,4689443.221341731,225612.0,42,T,4
2023/02/20/17:56:13.186353,0,82573,0,GNSS,42.33826602166667,71.08661755666667,33.155,0.62,671894.0551392667,4689443.223404463,225613.0,42,T,4
2023/02/20/17:56:14.178864,0,82574,0,GNSS,42.33826602166667,71.08661755666667,33.153,0.62,671894.0551392667,4689443.223404463,225614.0,42,T,4
2023/02/20/17:56:15.188622,0,82575,0,GNSS,42.338266026666666,71.086617515,33.16,0.62,671894.051693027,4689443.223875442,225615.0,42,T,4
2023/02/20/17:56:16.207579,0,82576,0,GNSS,42.338266035,71.08661754833334,33.155,0.62,671894.0544164104,4689443.224868181,225616.0,42,T,4
2023/02/20/17:56:17.224475,0,82577,0,GNSS,42.338265996666664,71.08661751166666,33.159,0.62,671894.0515001644,4689443.2205374325,225617.0,42,T,4
2023/02/20/17:56:18.187201,0,82578,0,GNSS,42.338265981666666,71.08661752666667,33.159,0.62,671894.0527767786,4689443.21890212,225618.0,42,T,4
2023/02/20/17:56:19.195673,0,82579,0,GNSS,42.338266018333336,71.08661754833334,33.157,0.62,671894.0544618247,4689443.223017476,225619.0,42,T,4
2023/02/20/17:56:20.165481,0,82580,0,GNSS,42.33826599166667,71.08661753666667,33.158,0.62,671894.0535733567,4689443.220032761,225620.0,42,T,4
2023/02/20/17:56:21.152439,0,82581,0,GNSS,42.338266018333336,71.08661753666667,33.157,0.62,671894.0535006939,4689443.222993891,225621.0,42,T,4
2023/02/20/17:56:22.158343,0,82582,0,GNSS,42.33826603,71.08661753166666,33.156,0.62,671894.0530569894,4689443.224279277,225622.0,42,T,4
2023/02/20/17:56:23.198260,0,82583,0,GNSS,42.338266018333336,71.0866175,33.159,0.62,671894.050479993,4689443.222919766,225623.0,42,T,4
2023/02/20/17:56:24.182518,0,82584,0,GNSS,42.338266035,71.086617505,33.156,0.62,671894.0508464952,4689443.22478058,225624.0,42,T,4
2023/02/20/17:56:25.219974,0,82585,0,GNSS,42.33826604,71.08661753666667,33.156,0.62,671894.0534416552,4689443.225399808,225625.0,42,T,4
2023/02/20/17:56:26.188683,0,82586,0,GNSS,42.338266016666665,71.08661752833333,33.161,0.62,671894.0528187127,4689443.222791973,225626.0,42,T,4
2023/02/20/17:56:27.195514,0,82587,0,GNSS,42.33826603166667,71.08661755,33.152,0.62,671894.0545627974,4689443.2245014105,225627.0,42,T,4
2023/02/20/17:56:28.171187,0,82588,0,GNSS,42.33826603166667,71.08661753833333,33.155,0.62,671894.0536016666,4689443.224477826,225628.0,42,T,4
2023/02/20/17:56:29.171291,0,82589,0,GNSS,42.33826603166667,71.086617525,33.153,0.62,671894.0525032316,4689443.22445087,225629.0,42,T,4
2023/02/20/17:56:30.176903,0,82590,0,GNSS,42.33826600166667,71.08661753,33.153,0.62,671894.0529968897,4689443.221129706,225630.0,42,T,4
2023/02/20/17:56:31.162079,0,82591,0,GNSS,42.338266026666666,71.08661752833333,33.153,0.62,671894.052791464,4689443.223902396,225631.0,42,T,4
2023/02/20/17:56:32.185971,0,82592,0,GNSS,42.33826604,71.08661752833333,33.151,0.62,671894.0527551326,4689443.225382961,225632.0,42,T,4
2023/02/20/17:56:33.307842,0,82593,0,GNSS,42.33826601,71.08661750166667,33.147,0.62,671894.0506400042,4689443.221997781,225633.0,42,T,4
2023/02/20/17:56:34.187132,0,82594,0,GNSS,42.33826600166667,71.08661752,33.153,0.62,671894.0521730629,4689443.22110949,225634.0,42,T,4
2023/02/20/17:56:35.199526,0,82595,0,GNSS,42.33826599,71.08661750833333,33.151,0.62,671894.051243722,4689443.219790412,225635.0,42,T,4
2023/02/20/17:56:36.169219,0,82596,0,GNSS,42.33826602166667,71.08661753333334,33.154,0.62,671894.0532170007,4689443.223357293,225636.0,42,T,4
2023/02/20/17:56:37.171878,0,82597,0,GNSS,42.33826602,71.08661753333334,33.152,0.62,671894.0532215422,4689443.223172222,225637.0,42,T,4
2023/02/20/17:56:38.168519,0,82598,0,GNSS,42.338266006666665,71.08661751,33.15,0.62,671894.0513356118,4689443.221644486,225638.0,42,T,4
2023/02/20/17:56:39.174981,0,82599,0,GNSS,42.338266025,71.08661751666666,33.152,0.62,671894.0518348725,4689443.223693742,225639.0,42,T,4
2023/02/20/17:56:40.150191,0,82600,0,GNSS,42.33826602833334,71.08661752166667,33.15,0.62,671894.052237704,4689443.224073989,225640.0,42,T,4
2023/02/20/17:56:41.191698,0,82601,0,GNSS,42.33826603,71.08661754,33.154,0.62,671894.0537435142,4689443.224296124,225641.0,42,T,4
2023/02/20/17:56:42.177322,0,82602,0,GNSS,42.338266016666665,71.08661753833333,33.148,0.62,671894.0536425394,4689443.222812189,225642.0,42,T,4
2023/02/20/17:56:43.196323,0,82603,0,GNSS,42.33826603666667,71.08661755666667,33.151,0.62,671894.0550983937,4689443.225070099,225643.0,42,T,4
2023/02/20/17:56:44.174604,0,82604,0,GNSS,42.338266026666666,71.08661754,33.152,0.62,671894.053752597,4689443.223925982,225644.0,42,T,4
2023/02/20/17:56:45.191332,0,82605,0,GNSS,42.33826603333333,71.0866175,33.147,0.62,671894.05043912,4689443.2245854,225645.0,42,T,4
2023/02/20/17:56:46.170667,0,82606,0,GNSS,42.338266015,71.08661752333333,33.149,0.62,671894.0524113396,4689443.222596794,225646.0,42,T,4
2023/02/20/17:56:47.195354,0,82607,0,GNSS,42.338265995,71.08661749833334,33.151,0.62,671894.0504062688,4689443.220325408,225647.0,42,T,4
2023/02/20/17:56:48.180880,0,82608,0,GNSS,42.33826606666667,71.08661752,33.15,0.62,671894.051995947,4689443.228327245,225648.0,42,T,4
2023/02/20/17:56:49.174586,0,82609,0,GNSS,42.33826605,71.08661750833333,33.151,0.62,671894.0510802305,4689443.226452954,225649.0,42,T,4
2023/02/20/17:56:50.185073,0,82610,0,GNSS,42.33826602,71.08661752333333,33.15,0.62,671894.0523977154,4689443.223152006,225650.0,42,T,4
2023/02/20/17:56:51.162419,0,82611,0,GNSS,42.33826603166667,71.08661752666667,33.151,0.62,671894.0526405356,4689443.22445424,225651.0,42,T,4
2023/02/20/17:56:52.202760,0,82612,0,GNSS,42.338266045,71.08661750833333,33.142,0.62,671894.0510938547,4689443.225897742,225652.0,42,T,4
2023/02/20/17:56:53.200268,0,82613,0,GNSS,42.338266041666664,71.08661752833333,33.147,0.62,671894.0527505912,4689443.225568032,225653.0,42,T,4
2023/02/20/17:56:54.172916,0,82614,0,GNSS,42.33826603833333,71.08661752,33.144,0.62,671894.0520731513,4689443.225181044,225654.0,42,T,4
2023/02/20/17:56:55.180042,0,82615,0,GNSS,42.338266045,71.08661751166666,33.148,0.62,671894.051368463,4689443.225904481,225655.0,42,T,4
2023/02/20/17:56:56.184812,0,82616,0,GNSS,42.338266035,71.08661748,33.146,0.62,671894.0487869252,4689443.224730039,225656.0,42,T,4
2023/02/20/17:56:57.184644,0,82617,0,GNSS,42.33826607,71.08661749666666,33.144,0.62,671894.0500646003,4689443.228650217,225657.0,42,T,4
2023/02/20/17:56:58.203687,0,82618,0,GNSS,42.33826603,71.08661748,33.146,0.62,671894.0488005495,4689443.224174828,225658.0,42,T,4
2023/02/20/17:56:59.191575,0,82619,0,GNSS,42.338266043333334,71.086617505,33.144,0.62,671894.050823788,4689443.225705933,225659.0,42,T,4
2023/02/20/17:57:00.132564,0,82620,0,GNSS,42.33826604833333,71.0866175,33.138,0.62,671894.0503982472,4689443.226251038,225700.0,42,T,4
2023/02/20/17:57:01.207959,0,82621,0,GNSS,42.33826606,71.08661751333334,33.143,0.62,671894.0514648943,4689443.227573486,225701.0,42,T,4
2023/02/20/17:57:02.203251,0,82622,0,GNSS,42.33826605666667,71.08661749666666,33.144,0.62,671894.0501009318,4689443.227169652,225702.0,42,T,4
2023/02/20/17:57:03.195619,0,82623,0,GNSS,42.338266041666664,71.0866175,33.147,0.62,671894.050416413,4689443.225510755,225703.0,42,T,4
2023/02/20/17:57:04.181254,0,82624,0,GNSS,42.338266041666664,71.08661751666666,33.138,0.62,671894.0517894583,4689443.225544447,225704.0,42,T,4
2023/02/20/17:57:05.183425,0,82625,0,GNSS,42.33826602833334,71.08661749833334,33.141,0.62,671894.0503154402,4689443.224026819,225705.0,42,T,4
2023/02/20/17:57:06.204736,0,82626,0,GNSS,42.338266053333335,71.0866175,33.141,0.62,671894.0503846229,4689443.226806249,225706.0,42,T,4
2023/02/20/17:57:07.189415,0,82627,0,GNSS,42.338266071666666,71.08661755833333,33.14,0.62,671894.0551403279,4689443.228959952,225707.0,42,T,4
2023/02/20/17:57:08.163652,0,82628,0,GNSS,42.33826605,71.086617505,33.145,0.62,671894.0508056222,4689443.226446216,225708.0,42,T,4
2023/02/20/17:57:09.193067,0,82629,0,GNSS,42.33826605833333,71.08661750833333,33.143,0.62,671894.0510575233,4689443.227378307,225709.0,42,T,4
2023/02/20/17:57:10.155516,0,82630,0,GNSS,42.338266055,71.08661749,33.143,0.62,671894.0495562546,4689443.226971103,225710.0,42,T,4
2023/02/20/17:57:11.169368,0,82631,0,GNSS,42.33826602,71.086617475,33.143,0.62,671894.0484158857,4689443.223054296,225711.0,42,T,4
2023/02/20/17:57:12.152502,0,82632,0,GNSS,42.33826602333333,71.08661747166667,33.137,0.62,671894.0481321925,4689443.223417699,225712.0,42,T,4
2023/02/20/17:57:13.169806,0,82633,0,GNSS,42.338266078333334,71.08661749833334,33.137,0.62,671894.0501791973,4689443.229578939,225713.0,42,T,4
2023/02/20/17:57:14.147434,0,82634,0,GNSS,42.33826605833333,71.08661751,33.135,0.62,671894.0511948275,4689443.227381677,225714.0,42,T,4
2023/02/20/17:57:15.154831,0,82635,0,GNSS,42.33826608,71.08661751,33.137,0.62,671894.0511357889,4689443.229787594,225715.0,42,T,4
2023/02/20/17:57:16.374593,0,82636,0,GNSS,42.33826607,71.08661750333333,33.144,0.62,671894.0506138168,4689443.228663694,225716.0,42,T,4
2023/02/20/17:57:17.183728,0,82637,0,GNSS,42.338266078333334,71.08661750666667,33.138,0.62,671894.050865722,4689443.229595786,225717.0,42,T,4
2023/02/20/17:57:18.183819,0,82638,0,GNSS,42.33826609,71.08661748833333,33.142,0.62,671894.0493235806,4689443.230854217,225718.0,42,T,4
2023/02/20/17:57:19.225672,0,82639,0,GNSS,42.338266053333335,71.086617525,33.139,0.62,671894.0524441929,4689443.226856788,225719.0,42,T,4
2023/02/20/17:57:20.181021,0,82640,0,GNSS,42.33826603833333,71.08661750666667,33.143,0.62,671894.0509747164,4689443.22515409,225720.0,42,T,4
2023/02/20/17:57:21.860849,0,82641,0,GNSS,42.33826607666666,71.08661752,33.14,0.62,671894.0519686985,4689443.22943767,225721.0,42,T,4
2023/02/20/17:57:22.715025,0,82642,0,GNSS,42.338266063333336,71.08661751666666,33.142,0.62,671894.0517304196,4689443.227950366,225722.0,42,T,4
2023/02/20/17:57:23.438546,0,82643,0,GNSS,42.33826606666667,71.08661750666667,33.138,0.62,671894.0508975121,4689443.22830029,225723.0,42,T,4
2023/02/20/17:57:24.178920,0,82644,0,GNSS,42.338266075,71.08661753666667,33.143,0.62,671894.0533462852,4689443.229286291,225724.0,42,T,4
2023/02/20/17:57:25.169700,0,82645,0,GNSS,42.33826608,71.08661754166667,33.14,0.62,671894.0537445754,4689443.229851611,225725.0,42,T,4
2023/02/20/17:57:26.187302,0,82646,0,GNSS,42.338266078333334,71.08661754333333,33.14,0.62,671894.0538864209,4689443.22966991,225726.0,42,T,4
2023/02/20/17:57:27.176302,0,82647,0,GNSS,42.338266053333335,71.08661754,33.143,0.62,671894.0536799341,4689443.226887112,225727.0,42,T,4
2023/02/20/17:57:28.443373,0,82648,0,GNSS,42.33826605,71.08661753,33.144,0.62,671894.0528651882,4689443.226496755,225728.0,42,T,4
2023/02/20/17:57:29.208807,0,82649,0,GNSS,42.33826605,71.08661752833333,33.143,0.62,671894.052727884,4689443.226493387,225729.0,42,T,4
2023/02/20/17:57:30.285689,0,82650,0,GNSS,42.338266063333336,71.08661752166667,33.145,0.62,671894.052142334,4689443.227960473,225730.0,42,T,4
2023/02/20/17:57:31.461863,0,82651,0,GNSS,42.33826606833333,71.08661751666666,33.146,0.62,671894.0517167954,4689443.228505577,225731.0,42,T,4
2023/02/20/17:57:32.163115,0,82652,0,GNSS,42.338266071666666,71.08661751833333,33.146,0.61,671894.0518450167,4689443.228879089,225732.0,42,T,4
2023/02/20/17:57:33.174368,0,82653,0,GNSS,42.338266041666664,71.08661753166666,33.148,0.61,671894.0530251994,4689443.225574771,225733.0,42,T,4
2023/02/20/17:57:34.246149,0,82654,0,GNSS,42.33826604666667,71.08661753,33.149,0.61,671894.0528742711,4689443.226126614,225734.0,42,T,4
2023/02/20/17:57:35.224271,0,82655,0,GNSS,42.338266055,71.086617525,33.15,0.61,671894.0524396516,4689443.227041859,225735.0,42,T,4
2023/02/20/17:57:36.330800,0,82656,0,GNSS,42.338266018333336,71.08661753833333,33.154,0.61,671894.053637998,4689443.22299726,225736.0,42,T,4
2023/02/20/17:57:37.173830,0,82657,0,GNSS,42.338266045,71.08661752,33.149,0.61,671894.0520549857,4689443.225921326,225737.0,42,T,4
2023/02/20/17:57:38.195699,0,82658,0,GNSS,42.33826601166667,71.08661750333333,33.152,0.61,671894.0507727669,4689443.222186222,225738.0,42,T,4
2023/02/20/17:57:39.482635,0,82659,0,GNSS,42.338266055,71.08661753333334,33.148,0.61,671894.0531261722,4689443.227058706,225739.0,42,T,4
2023/02/20/17:57:40.415405,0,82660,0,GNSS,42.33826604666667,71.08661752,33.147,0.61,671894.0520504443,4689443.226106399,225740.0,42,T,4
2023/02/20/17:57:41.393295,0,82661,0,GNSS,42.33826604666667,71.08661753333334,33.146,0.61,671894.0531488792,4689443.226133352,225741.0,42,T,4
2023/02/20/17:57:42.193341,0,82662,0,GNSS,42.33826602333333,71.08661752833333,33.152,0.61,671894.0528005469,4689443.223532256,225742.0,42,T,4
2023/02/20/17:57:43.137160,0,82663,0,GNSS,42.33826603333333,71.08661755833333,33.148,0.61,671894.0552447807,4689443.224703327,225743.0,42,T,4
2023/02/20/17:57:44.157296,0,82664,0,GNSS,42.338266025,71.08661755833333,33.144,0.61,671894.0552674879,4689443.223777975,225744.0,42,T,4
2023/02/20/17:57:45.170818,0,82665,0,GNSS,42.338266041666664,71.08661757666667,33.15,0.61,671894.056732423,4689443.225665742,225745.0,42,T,4
2023/02/20/17:57:46.165083,0,82666,0,GNSS,42.338266053333335,71.086617565,33.15,0.61,671894.0557395001,4689443.226937652,225746.0,42,T,4
2023/02/20/17:57:47.232507,0,82667,0,GNSS,42.338266051666665,71.08661757666667,33.146,0.61,671894.0567051744,4689443.226776166,225747.0,42,T,4
2023/02/20/17:57:48.192846,0,82668,0,GNSS,42.338266041666664,71.08661756333333,33.153,0.61,671894.0556339859,4689443.225638788,225748.0,42,T,4
2023/02/20/17:57:49.198673,0,82669,0,GNSS,42.33826604833333,71.08661759833333,33.154,0.61,671894.0584992149,4689443.226449826,225749.0,42,T,4
2023/02/20/17:57:50.197911,0,82670,0,GNSS,42.33826603666667,71.08661759333333,33.152,0.61,671894.0581190926,4689443.225144223,225750.0,42,T,4
2023/02/20/17:57:51.192539,0,82671,0,GNSS,42.33826603833333,71.08661756833334,33.155,0.61,671894.0560549832,4689443.225278754,225751.0,42,T,4
2023/02/20/17:57:52.218077,0,82672,0,GNSS,42.33826603,71.08661759,33.153,0.61,671894.0578626501,4689443.224397202,225752.0,42,T,4
2023/02/20/17:57:53.180019,0,82673,0,GNSS,42.33826607666666,71.08661758833334,33.154,0.61,671894.057598186,4689443.22957581,225753.0,42,T,4
2023/02/20/17:57:54.188122,0,82674,0,GNSS,42.33826607333334,71.08661759166667,33.151,0.61,671894.0578818771,4689443.229212408,225754.0,42,T,4
2023/02/20/17:57:55.209232,0,82675,0,GNSS,42.338266061666666,71.08661757333333,33.15,0.61,671894.0564033155,4689443.22787985,225755.0,42,T,4
2023/02/20/17:57:56.161052,0,82676,0,GNSS,42.33826605666667,71.086617575,33.153,0.61,671894.056554246,4689443.227328009,225756.0,42,T,4
2023/02/20/17:57:57.194842,0,82677,0,GNSS,42.33826603833333,71.086617555,33.153,0.61,671894.0549565481,4689443.225251799,225757.0,42,T,4
2023/02/20/17:57:58.170399,0,82678,0,GNSS,42.338266051666665,71.08661757166666,33.151,0.61,671894.05629326,4689443.226766057,225758.0,42,T,4
2023/02/20/17:57:59.141977,0,82679,0,GNSS,42.338266041666664,71.08661755,33.15,0.61,671894.0545355489,4689443.225611833,225759.0,42,T,4
2023/02/20/17:58:00.197470,0,82680,0,GNSS,42.338266041666664,71.08661757666667,33.145,0.61,671894.056732423,4689443.225665742,225800.0,42,T,4
2023/02/20/17:58:01.193905,0,82681,0,GNSS,42.338266063333336,71.086617565,33.146,0.61,671894.0557122515,4689443.228048076,225801.0,42,T,4
2023/02/20/17:58:02.163896,0,82682,0,GNSS,42.338266063333336,71.08661756,33.146,0.61,671894.0553003391,4689443.228037967,225802.0,42,T,4
2023/02/20/17:58:03.220294,0,82683,0,GNSS,42.338266063333336,71.08661757166666,33.151,0.61,671894.05626147,4689443.228061553,225803.0,42,T,4
2023/02/20/17:58:04.192014,0,82684,0,GNSS,42.33826606666667,71.08661758166667,33.148,0.61,671894.0570762139,4689443.2284519095,225804.0,42,T,4
2023/02/20/17:58:05.199923,0,82685,0,GNSS,42.338266055,71.08661753166666,33.151,0.61,671894.052988868,4689443.227055335,225805.0,42,T,4
2023/02/20/17:58:06.239527,0,82686,0,GNSS,42.33826604,71.086617525,33.141,0.61,671894.0524805244,4689443.225376222,225806.0,42,T,4
2023/02/20/17:58:07.216266,0,82687,0,GNSS,42.338266041666664,71.08661753833333,33.15,0.61,671894.053574418,4689443.225588249,225807.0,42,T,4
2023/02/20/17:58:08.175430,0,82688,0,GNSS,42.338266055,71.08661755166666,33.148,0.61,671894.0546365215,4689443.227095768,225808.0,42,T,4
2023/02/20/17:58:09.205566,0,82689,0,GNSS,42.338266041666664,71.086617565,33.15,0.61,671894.0557712901,4689443.225642157,225809.0,42,T,4
2023/02/20/17:58:10.156971,0,82690,0,GNSS,42.338266045,71.086617555,33.149,0.61,671894.0549383825,4689443.225992083,225810.0,42,T,4
2023/02/20/17:58:11.175517,0,82691,0,GNSS,42.338266063333336,71.08661755,33.151,0.61,671894.0544765103,4689443.228017752,225811.0,42,T,4
2023/02/20/17:58:12.211548,0,82692,0,GNSS,42.33826605666667,71.08661754,33.151,0.61,671894.0536708513,4689443.227257254,225812.0,42,T,4
2023/02/20/17:58:13.254949,0,82693,0,GNSS,42.338266041666664,71.08661752833333,33.152,0.61,671894.0527505912,4689443.225568032,225813.0,42,T,4
2023/02/20/17:58:14.183415,0,82694,0,GNSS,42.338266053333335,71.086617555,33.149,0.61,671894.0549156753,4689443.226917435,225814.0,42,T,4
2023/02/20/17:58:15.176742,0,82695,0,GNSS,42.338266041666664,71.08661756,33.149,0.61,671894.0553593778,4689443.225632049,225815.0,42,T,4
2023/02/20/17:58:16.323434,0,82696,0,GNSS,42.33826605,71.08661756833334,33.147,0.61,671894.0560231933,4689443.22657425,225816.0,42,T,4
2023/02/20/17:58:17.201274,0,82697,0,GNSS,42.33826603333333,71.08661754666667,33.148,0.61,671894.0542836478,4689443.224679741,225817.0,42,T,4
2023/02/20/17:58:18.186650,0,82698,0,GNSS,42.338266045,71.08661751166666,33.149,0.61,671894.051368463,4689443.225904481,225818.0,42,T,4
2023/02/20/17:58:19.176953,0,82699,0,GNSS,42.33826605833333,71.086617555,33.146,0.61,671894.0549020511,4689443.227472648,225819.0,42,T,4
2023/02/20/17:58:20.195330,0,82700,0,GNSS,42.33826605,71.08661752166667,33.145,0.61,671894.0521786655,4689443.226479908,225820.0,42,T,4
2023/02/20/17:58:21.217670,0,82701,0,GNSS,42.338266053333335,71.08661756666666,33.148,0.61,671894.055876804,4689443.22694102,225821.0,42,T,4
2023/02/20/17:58:22.182588,0,82702,0,GNSS,42.33826605,71.086617555,33.148,0.61,671894.0549247582,4689443.226547294,225822.0,42,T,4
2023/02/20/17:58:23.253481,0,82703,0,GNSS,42.33826605,71.08661755,33.148,0.61,671894.0545128417,4689443.226537187,225823.0,42,T,4
2023/02/20/17:58:24.179423,0,82704,0,GNSS,42.338266043333334,71.08661754833334,33.147,0.61,671894.0543937034,4689443.225793534,225824.0,42,T,4
2023/02/20/17:58:25.192011,0,82705,0,GNSS,42.33826601333333,71.08661752833333,33.148,0.61,671894.0528277955,4689443.222421831,225825.0,42,T,4
2023/02/20/17:58:26.157772,0,82706,0,GNSS,42.33826599166667,71.08661750666667,33.154,0.61,671894.0511018764,4689443.219972113,225826.0,42,T,4
2023/02/20/17:58:27.171764,0,82707,0,GNSS,42.338266041666664,71.08661754,33.153,0.61,671894.0537117242,4689443.225591618,225827.0,42,T,4
2023/02/20/17:58:28.193798,0,82708,0,GNSS,42.33826605666667,71.086617535,33.151,0.61,671894.0532589369,4689443.227247146,225828.0,42,T,4
2023/02/20/17:58:29.183576,0,82709,0,GNSS,42.33826607666666,71.08661754,33.148,0.61,671894.0536163541,4689443.2294781,225829.0,42,T,4
2023/02/20/17:58:30.183376,0,82710,0,GNSS,42.33826606,71.08661754333333,33.146,0.61,671894.0539363767,4689443.227634133,225830.0,42,T,4
2023/02/20/17:58:31.201367,0,82711,0,GNSS,42.33826606833333,71.08661754333333,33.148,0.61,671894.0539136695,4689443.228559486,225831.0,42,T,4
2023/02/20/17:58:32.178971,0,82712,0,GNSS,42.338266051666665,71.08661754333333,33.147,0.61,671894.0539590837,4689443.22670878,225832.0,42,T,4
2023/02/20/17:58:33.206540,0,82713,0,GNSS,42.338266061666666,71.08661756,33.145,0.61,671894.0553048805,4689443.227852896,225833.0,42,T,4
2023/02/20/17:58:34.165683,0,82714,0,GNSS,42.338266065,71.08661754,33.146,0.61,671894.0536481441,4689443.228182606,225834.0,42,T,4
2023/02/20/17:58:35.196668,0,82715,0,GNSS,42.33826606833333,71.08661756,33.148,0.61,671894.0552867148,4689443.228593179,225835.0,42,T,4
2023/02/20/17:58:36.185266,0,82716,0,GNSS,42.33826605833333,71.08661756333333,33.148,0.61,671894.0555885716,4689443.227489495,225836.0,42,T,4
2023/02/20/17:58:37.300094,0,82717,0,GNSS,42.338266071666666,71.086617545,33.143,0.61,671894.0540418908,4689443.228932997,225837.0,42,T,4
2023/02/20/17:58:38.167198,0,82718,0,GNSS,42.338266065,71.08661755,33.145,0.61,671894.0544719688,4689443.228202822,225838.0,42,T,4
2023/02/20/17:58:39.167425,0,82719,0,GNSS,42.33826606666667,71.08661754166667,33.145,0.61,671894.0537809068,4689443.2283710465,225839.0,42,T,4
2023/02/20/17:58:40.180383,0,82720,0,GNSS,42.338266071666666,71.08661752666667,33.147,0.61,671894.0525315413,4689443.228895934,225840.0,42,T,4
2023/02/20/17:58:41.181582,0,82721,0,GNSS,42.33826604833333,71.08661753166666,33.15,0.61,671894.0530070337,4689443.226315054,225841.0,42,T,4
2023/02/20/17:58:42.192594,0,82722,0,GNSS,42.338266065,71.08661753333334,33.151,0.61,671894.0530989235,4689443.228169129,225842.0,42,T,4
2023/02/20/17:58:43.208397,0,82723,0,GNSS,42.33826605833333,71.08661753166666,33.147,0.61,671894.0529797851,4689443.2274254775,225843.0,42,T,4
2023/02/20/17:58:44.210340,0,82724,0,GNSS,42.338266071666666,71.08661753,33.149,0.61,671894.0528061496,4689443.228902673,225844.0,42,T,4
2023/02/20/17:58:45.204459,0,82725,0,GNSS,42.33826605666667,71.08661752666667,33.152,0.61,671894.0525724142,4689443.227230299,225845.0,42,T,4
2023/02/20/17:58:46.151827,0,82726,0,GNSS,42.33826605666667,71.086617535,33.154,0.61,671894.0532589369,4689443.227247146,225846.0,42,T,4
2023/02/20/17:58:47.172122,0,82727,0,GNSS,42.33826604666667,71.08661753666667,33.147,0.87,671894.0534234896,4689443.226140091,225847.0,42,T,4
2023/02/20/17:58:48.225263,0,82728,0,GNSS,42.338266045,71.08661752833333,33.147,0.87,671894.0527415083,4689443.225938173,225848.0,42,T,4
2023/02/20/17:58:49.199636,0,82729,0,GNSS,42.338266045,71.08661753333334,33.138,0.72,671894.0531534207,4689443.225948282,225849.0,42,T,4
2023/02/20/17:58:50.173492,0,82730,0,GNSS,42.338266015,71.08661751666666,33.134,0.72,671894.0518621211,4689443.222583318,225850.0,42,T,4
2023/02/20/17:58:51.195561,0,82731,0,GNSS,42.338266006666665,71.08661753666667,33.143,0.72,671894.0535324839,4689443.221698396,225851.0,42,T,4
2023/02/20/17:58:52.174439,0,82732,0,GNSS,42.338265973333336,71.08661748666667,33.137,0.72,671894.0495041766,4689443.217895903,225852.0,42,T,4
2023/02/20/17:58:53.164314,0,82733,0,GNSS,42.33826607,71.08661754166667,33.15,0.61,671894.0537718239,4689443.2287411885,225853.0,42,T,4
2023/02/20/17:58:54.193559,0,82734,0,GNSS,42.33826607666666,71.08661756666666,33.149,0.61,671894.0558132242,4689443.22953201,225854.0,42,T,4
2023/02/20/17:58:55.227954,0,82735,0,GNSS,42.338266041666664,71.08661752833333,33.149,0.61,671894.0527505912,4689443.225568032,225855.0,42,T,4
2023/02/20/17:58:56.229423,0,82736,0,GNSS,42.33826607666666,71.08661755833333,33.153,0.61,671894.0551267036,4689443.229515163,225856.0,42,T,4
2023/02/20/17:58:57.211015,0,82737,0,GNSS,42.33826605833333,71.08661755833333,33.152,0.61,671894.0551766593,4689443.227479387,225857.0,42,T,4
2023/02/20/17:58:58.206491,0,82738,0,GNSS,42.33826607666666,71.086617565,33.154,0.61,671894.05567592,4689443.229528639,225858.0,42,T,4
2023/02/20/17:58:59.251918,0,82739,0,GNSS,42.33826605,71.08661755333334,33.15,0.61,671894.054787452,4689443.226543926,225859.0,42,T,4
2023/02/20/17:59:00.200094,0,82740,0,GNSS,42.33826606833333,71.08661756166667,33.16,0.61,671894.0554240189,4689443.228596549,225900.0,42,T,4
2023/02/20/17:59:01.193569,0,82741,0,GNSS,42.338266051666665,71.08661757166666,33.157,0.61,671894.05629326,4689443.226766057,225901.0,42,T,4
2023/02/20/17:59:02.174184,0,82742,0,GNSS,42.338266006666665,71.08661758,33.169,0.61,671894.0571024013,4689443.221785997,225902.0,42,T,4
2023/02/20/17:59:03.165567,0,82743,0,GNSS,42.338266051666665,71.08661755833333,33.152,0.61,671894.0551948249,4689443.226739104,225903.0,42,T,4
2023/02/20/17:59:04.175386,0,82744,0,GNSS,42.33826606833333,71.08661756333333,33.156,0.61,671894.0555613231,4689443.228599918,225904.0,42,T,4
2023/02/20/17:59:05.185797,0,82745,0,GNSS,42.33826604666667,71.086617555,33.157,0.61,671894.0549338411,4689443.226177154,225905.0,42,T,4
2023/02/20/17:59:06.177211,0,82746,0,GNSS,42.338266078333334,71.08661757833333,33.154,0.61,671894.0567698156,4689443.229740665,225906.0,42,T,4
2023/02/20/17:59:07.191637,0,82747,0,GNSS,42.338266088333334,71.08661755333334,33.154,0.61,671894.0546829992,4689443.23080055,225907.0,42,T,4
2023/02/20/17:59:08.233333,0,82748,0,GNSS,42.338266063333336,71.08661752833333,33.152,0.61,671894.0526915526,4689443.22797395,225908.0,42,T,4
2023/02/20/17:59:09.227331,0,82749,0,GNSS,42.33826606,71.08661753,33.158,0.61,671894.0528379396,4689443.2276071785,225909.0,42,T,4
2023/02/20/17:59:10.156321,0,82750,0,GNSS,42.33826606,71.08661752666667,33.163,0.61,671894.0525633313,4689443.22760044,225910.0,42,T,4
2023/02/20/17:59:11.187209,0,82751,0,GNSS,42.33826606666667,71.08661756166667,33.151,0.61,671894.0554285604,4689443.228411477,225911.0,42,T,4
2023/02/20/17:59:12.207173,0,82752,0,GNSS,42.33826605833333,71.08661752833333,33.156,0.61,671894.0527051769,4689443.227418739,225912.0,42,T,4
2023/02/20/17:59:13.204744,0,82753,0,GNSS,42.338266061666666,71.08661755,33.155,0.61,671894.0544810516,4689443.22783268,225913.0,42,T,4
2023/02/20/17:59:14.195017,0,82754,0,GNSS,42.338266063333336,71.08661754,33.159,0.61,671894.0536526856,4689443.227997536,225914.0,42,T,4
2023/02/20/17:59:15.184560,0,82755,0,GNSS,42.33826605666667,71.08661756,33.159,0.61,671894.0553185048,4689443.227297685,225915.0,42,T,4
2023/02/20/17:59:16.195141,0,82756,0,GNSS,42.33826605833333,71.08661754166667,33.161,0.61,671894.053803614,4689443.227445694,225916.0,42,T,4
2023/02/20/17:59:17.174535,0,82757,0,GNSS,42.33826606,71.08661753166666,33.154,0.61,671894.0529752437,4689443.227610549,225917.0,42,T,4
2023/02/20/17:59:18.175894,0,82758,0,GNSS,42.33826607333334,71.08661755666667,33.154,0.61,671894.0549984823,4689443.2291416535,225918.0,42,T,4
2023/02/20/17:59:19.173133,0,82759,0,GNSS,42.338266041666664,71.08661757833333,33.157,0.61,671894.0568697271,4689443.225669112,225919.0,42,T,4
2023/02/20/17:59:20.179893,0,82760,0,GNSS,42.33826607666666,71.08661757,33.155,0.61,671894.0560878344,4689443.229538748,225920.0,42,T,4
2023/02/20/17:59:21.194844,0,82761,0,GNSS,42.33826608,71.08661758666666,33.16,0.61,671894.057451797,4689443.229942583,225921.0,42,T,4
2023/02/20/17:59:22.162007,0,82762,0,GNSS,42.33826606833333,71.086617565,33.158,0.61,671894.0556986271,4689443.228603287,225922.0,42,T,4
2023/02/20/17:59:23.275457,0,82763,0,GNSS,42.338266061666666,71.086617565,33.151,0.61,671894.0557167928,4689443.2278630035,225923.0,42,T,4
2023/02/20/17:59:24.202677,0,82764,0,GNSS,42.338266051666665,71.08661756333333,33.156,0.61,671894.0556067373,4689443.226749212,225924.0,42,T,4
2023/02/20/17:59:25.171611,0,82765,0,GNSS,42.338266053333335,71.08661754666667,33.156,0.61,671894.0542291506,4689443.22690059,225925.0,42,T,4
2023/02/20/17:59:26.182577,0,82766,0,GNSS,42.338266053333335,71.08661757333333,33.158,0.61,671894.0564260227,4689443.226954498,225926.0,42,T,4
2023/02/20/17:59:27.193333,0,82767,0,GNSS,42.338266065,71.08661757666667,33.159,0.61,671894.0566688429,4689443.228256731,225927.0,42,T,4
2023/02/20/17:59:28.199556,0,82768,0,GNSS,42.338266055,71.08661757333333,33.157,0.61,671894.0564214813,4689443.227139569,225928.0,42,T,4
2023/02/20/17:59:29.188806,0,82769,0,GNSS,42.33826606833333,71.086617575,33.154,0.61,671894.056522456,4689443.228623502,225929.0,42,T,4
2023/02/20/17:59:30.192452,0,82770,0,GNSS,42.33826605833333,71.08661754666667,33.161,0.61,671894.0542155263,4689443.227455801,225930.0,42,T,4
2023/02/20/17:59:31.204696,0,82771,0,GNSS,42.33826609,71.08661756,33.156,0.61,671894.0552276762,4689443.230999097,225931.0,42,T,4
2023/02/20/17:59:32.181548,0,82772,0,GNSS,42.33826604833333,71.08661754,33.16,0.61,671894.0536935584,4689443.226331901,225932.0,42,T,4
2023/02/20/17:59:33.174450,0,82773,0,GNSS,42.338266043333334,71.08661753666667,33.16,0.61,671894.0534325724,4689443.225769949,225933.0,42,T,4
2023/02/20/17:59:34.178197,0,82774,0,GNSS,42.33826603666667,71.08661752666667,33.164,0.61,671894.0526269113,4689443.225009452,225934.0,42,T,4
2023/02/20/17:59:35.226982,0,82775,0,GNSS,42.33826603166667,71.086617515,33.158,0.61,671894.0516794027,4689443.224430655,225935.0,42,T,4
2023/02/20/17:59:36.227981,0,82776,0,GNSS,42.33826606833333,71.08661758166667,33.161,0.61,671894.0570716724,4689443.22863698,225936.0,42,T,4
2023/02/20/17:59:37.161567,0,82777,0,GNSS,42.33826606666667,71.086617575,33.162,0.61,671894.0565269974,4689443.228438432,225937.0,42,T,4
2023/02/20/17:59:38.183536,0,82778,0,GNSS,42.33826606666667,71.086617585,33.163,0.61,671894.057350822,4689443.228458648,225938.0,42,T,4
2023/02/20/17:59:39.195292,0,82779,0,GNSS,42.33826603833333,71.08661757333333,33.159,0.61,671894.0564668956,4689443.225288861,225939.0,42,T,4
2023/02/20/17:59:40.148693,0,82780,0,GNSS,42.33826603666667,71.08661755166666,33.16,0.61,671894.0546864772,4689443.225059992,225940.0,42,T,4
2023/02/20/17:59:41.194810,0,82781,0,GNSS,42.338266015,71.08661752666667,33.16,0.61,671894.05268595,4689443.222603533,225941.0,42,T,4
2023/02/20/17:59:42.256179,0,82782,0,GNSS,42.338266018333336,71.08661754,33.155,0.61,671894.0537753042,4689443.223000629,225942.0,42,T,4
2023/02/20/17:59:43.239720,0,82783,0,GNSS,42.33826602166667,71.08661756166667,33.153,0.61,671894.055551179,4689443.223414572,225943.0,42,T,4
2023/02/20/17:59:44.192241,0,82784,0,GNSS,42.338266043333334,71.08661757666667,33.159,0.61,671894.0567278815,4689443.225850813,225944.0,42,T,4
2023/02/20/17:59:45.186930,0,82785,0,GNSS,42.33826602333333,71.08661754166667,33.159,0.61,671894.053898984,4689443.22355921,225945.0,42,T,4
2023/02/20/17:59:46.192955,0,82786,0,GNSS,42.338266006666665,71.08661755166666,33.158,0.61,671894.054768223,4689443.22172872,225946.0,42,T,4
2023/02/20/17:59:47.252192,0,82787,0,GNSS,42.338266045,71.086617545,33.16,0.61,671894.0541145536,4689443.225971866,225947.0,42,T,4
2023/02/20/17:59:48.197914,0,82788,0,GNSS,42.33826605,71.086617565,33.157,0.61,671894.0557485828,4689443.2265675105,225948.0,42,T,4
2023/02/20/17:59:49.266402,0,82789,0,GNSS,42.338266025,71.08661753166666,33.163,0.61,671894.0530706138,4689443.223724066,225949.0,42,T,4
2023/02/20/17:59:50.180756,0,82790,0,GNSS,42.33826604833333,71.08661754833334,33.167,0.61,671894.054380079,4689443.2263487475,225950.0,42,T,4
2023/02/20/17:59:51.218943,0,82791,0,GNSS,42.338266053333335,71.08661755,33.165,0.61,671894.0545037588,4689443.226907328,225951.0,42,T,4
2023/02/20/17:59:52.161688,0,82792,0,GNSS,42.338266065,71.08661752,33.163,0.61,671894.0520004885,4689443.228142175,225952.0,42,T,4
2023/02/20/17:59:53.173145,0,82793,0,GNSS,42.33826604,71.08661753,33.163,0.61,671894.0528924367,4689443.22538633,225953.0,42,T,4
2023/02/20/17:59:54.188050,0,82794,0,GNSS,42.33826605833333,71.08661756666666,33.162,0.61,671894.0558631798,4689443.227496234,225954.0,42,T,4
2023/02/20/17:59:55.194571,0,82795,0,GNSS,42.33826604,71.08661754166667,33.162,0.61,671894.0538535697,4689443.225409916,225955.0,42,T,4
2023/02/20/17:59:56.172431,0,82796,0,GNSS,42.338266053333335,71.08661754833334,33.158,0.61,671894.0543664547,4689443.226903958,225956.0,42,T,4
2023/02/20/17:59:57.180140,0,82797,0,GNSS,42.33826606666667,71.08661753333334,33.163,0.61,671894.053094382,4689443.2283542,225957.0,42,T,4
2023/02/20/17:59:58.166032,0,82798,0,GNSS,42.33826605,71.08661754666667,33.164,0.61,671894.0542382335,4689443.2265304485,225958.0,42,T,4
2023/02/20/17:59:59.233419,0,82799,0,GNSS,42.33826603333333,71.08661753833333,33.16,0.61,671894.0535971251,4689443.224662894,225959.0,42,T,4
2023/02/20/18:00:00.218449,0,82800,0,GNSS,42.33826607,71.08661754333333,33.164,0.61,671894.0539091281,4689443.228744557,230000.0,42,T,4
2023/02/20/18:00:01.208959,0,82801,0,GNSS,42.338266045,71.08661755,33.159,0.61,671894.054526466,4689443.225981974,230001.0,42,T,4
2023/02/20/18:00:02.183301,0,82802,0,GNSS,42.338266065,71.08661756833334,33.165,0.64,671894.0559823203,4689443.228239885,230002.0,42,T,4
2023/02/20/18:00:03.200400,0,82803,0,GNSS,42.338266045,71.08661756,33.163,0.64,671894.0553502948,4689443.22600219,230003.0,42,T,4
2023/02/20/18:00:04.160668,0,82804,0,GNSS,42.33826603333333,71.08661755166666,33.163,0.64,671894.0546955601,4689443.22468985,230004.0,42,T,4
2023/02/20/18:00:05.245844,0,82805,0,GNSS,42.338266065,71.086617595,33.159,0.64,671894.0581791924,4689443.228293793,230005.0,42,T,4
2023/02/20/18:00:06.165564,0,82806,0,GNSS,42.33826608,71.08661758666666,33.16,0.64,671894.057451797,4689443.229942583,230006.0,42,T,4
2023/02/20/18:00:07.191590,0,82807,0,GNSS,42.33826605666667,71.08661757333333,33.157,0.64,671894.0564169398,4689443.227324639,230007.0,42,T,4
2023/02/20/18:00:08.143302,0,82808,0,GNSS,42.33826603666667,71.086617525,33.16,0.64,671894.0524896072,4689443.225006083,230008.0,42,T,4
2023/02/20/18:00:09.212988,0,82809,0,GNSS,42.338266045,71.08661753666667,33.164,0.61,671894.053428031,4689443.22595502,230009.0,42,T,4
2023/02/20/18:00:10.225137,0,82810,0,GNSS,42.33826603333333,71.086617545,33.163,0.61,671894.0541463436,4689443.224676372,230010.0,42,T,4
2023/02/20/18:00:11.203223,0,82811,0,GNSS,42.33826602333333,71.08661755833333,33.164,0.61,671894.0552720294,4689443.223592903,230011.0,42,T,4
2023/02/20/18:00:12.188018,0,82812,0,GNSS,42.33826603166667,71.086617535,33.156,0.61,671894.0533270583,4689443.224471087,230012.0,42,T,4
2023/02/20/18:00:13.180145,0,82813,0,GNSS,42.33826600333333,71.08661752833333,33.157,0.61,671894.0528550441,4689443.221311407,230013.0,42,T,4
2023/02/20/18:00:14.184012,0,82814,0,GNSS,42.33826606,71.08661755666667,33.16,0.61,671894.0550348137,4689443.227661088,230014.0,42,T,4
2023/02/20/18:00:15.204162,0,82815,0,GNSS,42.338266051666665,71.08661755166666,33.16,0.61,671894.0546456043,4689443.226725627,230015.0,42,T,4
2023/02/20/18:00:16.198993,0,82816,0,GNSS,42.33826605833333,71.08661755833333,33.165,0.61,671894.0551766593,4689443.227479387,230016.0,42,T,4
2023/02/20/18:00:17.185805,0,82817,0,GNSS,42.33826603833333,71.086617535,33.161,0.61,671894.0533088925,4689443.225211367,230017.0,42,T,4
2023/02/20/18:00:18.182349,0,82818,0,GNSS,42.33826603833333,71.08661754666667,33.161,0.61,671894.0542700235,4689443.225234953,230018.0,42,T,4
2023/02/20/18:00:19.208926,0,82819,0,GNSS,42.338266043333334,71.08661752833333,33.159,0.61,671894.0527460497,4689443.225753103,230019.0,42,T,4
2023/02/20/18:00:20.150260,0,82820,0,GNSS,42.338266035,71.086617555,33.159,0.61,671894.0549656311,4689443.224881658,230020.0,42,T,4
2023/02/20/18:00:21.204700,0,82821,0,GNSS,42.33826605,71.08661755666667,33.155,0.61,671894.0550620623,4689443.226550664,230021.0,42,T,4
2023/02/20/18:00:22.196708,0,82822,0,GNSS,42.33826607,71.08661750166667,33.166,0.61,671894.0504765126,4689443.2286603255,230022.0,42,T,4
2023/02/20/18:00:23.213263,0,82823,0,GNSS,42.33826601166667,71.08661749333334,33.161,0.61,671894.0499489423,4689443.222166006,230023.0,42,T,4
2023/02/20/18:00:24.180658,0,82824,0,GNSS,42.338266065,71.08661755333334,33.161,0.61,671894.0547465791,4689443.228209561,230024.0,42,T,4
2023/02/20/18:00:25.198017,0,82825,0,GNSS,42.338266045,71.08661751666666,33.162,0.61,671894.0517803754,4689443.225914588,230025.0,42,T,4
2023/02/20/18:00:26.177053,0,82826,0,GNSS,42.33826603833333,71.08661753166666,33.155,0.61,671894.0530342823,4689443.225204629,230026.0,42,T,4
2023/02/20/18:00:27.189399,0,82827,0,GNSS,42.338266055,71.086617525,33.155,0.61,671894.0524396516,4689443.227041859,230027.0,42,T,4
2023/02/20/18:00:28.208665,0,82828,0,GNSS,42.33826606666667,71.08661752666667,33.155,0.61,671894.0525451656,4689443.228340723,230028.0,42,T,4
2023/02/20/18:00:29.235491,0,82829,0,GNSS,42.338266065,71.08661754833334,33.162,0.61,671894.0543346647,4689443.228199453,230029.0,42,T,4
2023/02/20/18:00:30.238934,0,82830,0,GNSS,42.33826605,71.08661757166666,33.16,0.61,671894.0562978014,4689443.226580988,230030.0,42,T,4
2023/02/20/18:00:31.192275,0,82831,0,GNSS,42.33826608166667,71.08661756666666,33.163,0.61,671894.0557995999,4689443.230087222,230031.0,42,T,4
2023/02/20/18:00:32.208866,0,82832,0,GNSS,42.338266055,71.08661759,33.162,0.61,671894.0577945287,4689443.227173262,230032.0,42,T,4
2023/02/20/18:00:33.194962,0,82833,0,GNSS,42.338266035,71.08661754666667,33.159,0.61,671894.0542791063,4689443.224864812,230033.0,42,T,4
2023/02/20/18:00:34.165312,0,82834,0,GNSS,42.33826603,71.08661752666667,33.162,0.61,671894.0526450771,4689443.224269168,230034.0,42,T,4
2023/02/20/18:00:35.210643,0,82835,0,GNSS,42.33826604666667,71.08661752833333,33.156,0.61,671894.0527369669,4689443.226123245,230035.0,42,T,4
2023/02/20/18:00:36.196948,0,82836,0,GNSS,42.33826604833333,71.08661752666667,33.156,0.61,671894.0525951213,4689443.2263049465,230036.0,42,T,4
2023/02/20/18:00:37.186708,0,82837,0,GNSS,42.33826602166667,71.08661756,33.163,0.63,671894.0554138748,4689443.223411202,230037.0,42,T,4
2023/02/20/18:00:38.179616,0,82838,0,GNSS,42.338266005,71.08661754,33.164,0.63,671894.0538116356,4689443.221520065,230038.0,42,T,4
2023/02/20/18:00:39.208710,0,82839,0,GNSS,42.33826603666667,71.08661755833333,33.17,0.77,671894.0552356979,4689443.225073469,230039.0,42,T,4
2023/02/20/18:00:40.172566,0,82840,0,GNSS,42.33826603,71.086617505,33.162,0.77,671894.0508601195,4689443.224225367,230040.0,42,T,4
2023/02/20/18:00:41.191376,0,82841,0,GNSS,42.338266026666666,71.086617535,33.158,0.61,671894.0533406826,4689443.223915873,230041.0,42,T,4
2023/02/20/18:00:42.173740,0,82842,0,GNSS,42.338266026666666,71.08661755333334,33.155,0.61,671894.0548510321,4689443.223952935,230042.0,42,T,4
2023/02/20/18:00:43.175441,0,82843,0,GNSS,42.338266053333335,71.08661757666667,33.157,0.61,671894.056700633,4689443.226961237,230043.0,42,T,4
2023/02/20/18:00:44.194113,0,82844,0,GNSS,42.338266008333335,71.08661754166667,33.159,0.61,671894.0539398568,4689443.221893574,230044.0,42,T,4
2023/02/20/18:00:45.175601,0,82845,0,GNSS,42.338265996666664,71.08661754333333,33.158,0.61,671894.054108951,4689443.220601449,230045.0,42,T,4
2023/02/20/18:00:46.164436,0,82846,0,GNSS,42.33826594833333,71.086617515,33.19,0.79,671894.0519064742,4689443.215177122,230046.0,42,T,4
2023/02/20/18:00:47.210073,0,82847,0,GNSS,42.338265985,71.08661757833333,33.17,0.68,671894.0570241357,4689443.21937671,230047.0,42,T,4
2023/02/20/18:00:48.195839,0,82848,0,GNSS,42.33826595,71.08661756166667,33.173,0.68,671894.0557464604,4689443.215456533,230048.0,42,T,4
2023/02/20/18:00:49.224459,0,82849,0,GNSS,42.33826597666667,71.08661753666667,33.166,0.61,671894.0536142295,4689443.218367125,230049.0,42,T,4
2023/02/20/18:00:50.192892,0,82850,0,GNSS,42.338265973333336,71.086617495,33.159,0.61,671894.0501906992,4689443.217912748,230050.0,42,T,4
2023/02/20/18:00:51.202609,0,82851,0,GNSS,42.338266005,71.0866175,33.162,0.6,671894.0505163244,4689443.221439201,230051.0,42,T,4
2023/02/20/18:00:52.145741,0,82852,0,GNSS,42.338265973333336,71.08661751166666,33.161,0.6,671894.0515637444,4689443.217946443,230052.0,42,T,4
2023/02/20/18:00:53.204609,0,82853,0,GNSS,42.338266015,71.08661750166667,33.162,0.59,671894.0506263799,4689443.222552994,230053.0,42,T,4
2023/02/20/18:00:54.210077,0,82854,0,GNSS,42.338266006666665,71.08661753666667,33.161,0.59,671894.0535324839,4689443.221698396,230054.0,42,T,4
2023/02/20/18:00:55.170002,0,82855,0,GNSS,42.338266008333335,71.08661748833333,33.158,0.59,671894.0495461107,4689443.221785756,230055.0,42,T,4
2023/02/20/18:00:56.200789,0,82856,0,GNSS,42.338266005,71.08661754,33.161,0.59,671894.0538116356,4689443.221520065,230056.0,42,T,4
2023/02/20/18:00:57.179415,0,82857,0,GNSS,42.33826597833333,71.08661752333333,33.159,0.59,671894.0525112511,4689443.218525239,230057.0,42,T,4
2023/02/20/18:00:58.178757,0,82858,0,GNSS,42.338266006666665,71.08661746833333,33.167,0.59,671894.0479029964,4689443.221560254,230058.0,42,T,4
2023/02/20/18:00:59.199777,0,82859,0,GNSS,42.33826601166667,71.08661750166667,33.151,0.59,671894.0506354627,4689443.222182853,230059.0,42,T,4
2023/02/20/18:01:00.187086,0,82860,0,GNSS,42.33826599166667,71.08661753666667,33.16,0.59,671894.0535733567,4689443.220032761,230100.0,42,T,4
2023/02/20/18:01:01.187491,0,82861,0,GNSS,42.338266006666665,71.086617505,33.158,0.59,671894.0509236995,4689443.221634379,230101.0,42,T,4
2023/02/20/18:01:02.184569,0,82862,0,GNSS,42.338265985,71.08661751,33.156,0.59,671894.0513946504,4689443.21923857,230102.0,42,T,4
2023/02/20/18:01:03.341243,0,82863,0,GNSS,42.33826601333333,71.08661753666667,33.158,0.59,671894.0535143181,4689443.222438678,230103.0,42,T,4
2023/02/20/18:01:04.178820,0,82864,0,GNSS,42.338265981666666,71.08661754333333,33.158,0.59,671894.0541498238,4689443.218935814,230104.0,42,T,4
2023/02/20/18:01:05.222581,0,82865,0,GNSS,42.33826597666667,71.08661753166666,33.158,0.59,671894.0532023151,4689443.218357017,230105.0,42,T,4
2023/02/20/18:01:06.189108,0,82866,0,GNSS,42.33826596666667,71.08661748166666,33.154,0.59,671894.0491104278,4689443.217145513,230106.0,42,T,4
2023/02/20/18:01:07.203356,0,82867,0,GNSS,42.33826601,71.08661751,33.161,0.59,671894.0513265289,4689443.222014627,230107.0,42,T,4
2023/02/20/18:01:08.232059,0,82868,0,GNSS,42.33826602833334,71.08661751666666,33.154,0.59,671894.0518257896,4689443.224063882,230108.0,42,T,4
2023/02/20/18:01:09.182600,0,82869,0,GNSS,42.338265996666664,71.08661752333333,33.159,0.59,671894.0524612954,4689443.220561017,230109.0,42,T,4
2023/02/20/18:01:10.173983,0,82870,0,GNSS,42.33826601333333,71.08661752666667,33.159,0.59,671894.0526904914,4689443.222418461,230110.0,42,T,4
2023/02/20/18:01:11.392818,0,82871,0,GNSS,42.338265985,71.08661748666667,33.154,0.59,671894.0494723865,4689443.219191399,230111.0,42,T,4
2023/02/20/18:01:12.188995,0,82872,0,GNSS,42.338266026666666,71.08661752166667,33.155,0.59,671894.0522422455,4689443.223888919,230112.0,42,T,4
2023/02/20/18:01:13.170186,0,82873,0,GNSS,42.33826602166667,71.08661752666667,33.159,0.59,671894.0526677843,4689443.223343817,230113.0,42,T,4
2023/02/20/18:01:14.169451,0,82874,0,GNSS,42.33826600166667,71.08661748333333,33.154,0.59,671894.0491523619,4689443.221035366,230114.0,42,T,4
2023/02/20/18:01:15.221067,0,82875,0,GNSS,42.33826603166667,71.08661749,33.156,0.59,671894.0496198348,4689443.224380116,230115.0,42,T,4
2023/02/20/18:01:16.200533,0,82876,0,GNSS,42.338266015,71.086617435,33.162,0.59,671894.0451341986,4689443.222418222,230116.0,42,T,4
2023/02/20/18:01:17.184668,0,82877,0,GNSS,42.338265998333334,71.08661748833333,33.154,0.59,671894.0495733592,4689443.220675332,230117.0,42,T,4
2023/02/20/18:01:18.215778,0,82878,0,GNSS,42.338265985,71.08661747666666,33.154,0.59,671894.0486485597,4689443.219171183,230118.0,42,T,4
2023/02/20/18:01:19.192312,0,82879,0,GNSS,42.338265996666664,71.086617455,33.156,0.59,671894.04683181,4689443.220422876,230119.0,42,T,4
2023/02/20/18:01:20.210126,0,82880,0,GNSS,42.33826601333333,71.08661750333333,33.16,0.59,671894.0507682255,4689443.222371291,230120.0,42,T,4
2023/02/20/18:01:21.192459,0,82881,0,GNSS,42.33826602833334,71.08661751,33.151,0.59,671894.0512765732,4689443.224050404,230121.0,42,T,4
